split,row_index,query_id,cve_id,severity,row_sha256
bigvul_transfer,0,bigvul_transfer:0:460a3bd9a4bb,CVE-2015-3842,CRITICAL,460a3bd9a4bb555d4f1df526f5ba894120fadd9d46ebca9a2a4af2323944349b
bigvul_transfer,1,bigvul_transfer:1:87dda8e2f980,CVE-2011-3193,CRITICAL,87dda8e2f9804d0fe16fc3708db931789ccde88a7b6be5c824d4babad821708d
bigvul_transfer,2,bigvul_transfer:2:787cd0f701c2,CVE-2016-3916,CRITICAL,787cd0f701c27b7feb313ea46e3fa9b8f0a3be1ab62ed9fc09110fc27735a543
bigvul_transfer,3,bigvul_transfer:3:568306e467a8,CVE-2016-1647,CRITICAL,568306e467a84542890e95ced5a559683176c79dd53da0690d087afd4e21b7df
bigvul_transfer,4,bigvul_transfer:4:7196a5dc9d75,CVE-2016-0838,CRITICAL,7196a5dc9d75e250fc6e51096b3ebbf2e84bcb7baf1f45cee2692b9156766eb6
bigvul_transfer,5,bigvul_transfer:5:aa0396a24e40,CVE-2016-2476,CRITICAL,aa0396a24e401f0c35bb2a2e0c0421b9d1b917db2687aa13f38ce3a91deba9b8
bigvul_transfer,6,bigvul_transfer:6:c28274aaf96e,CVE-2016-1647,CRITICAL,c28274aaf96ecc48ec3f555a33667a4c607360e414a0008960dd3c15d5c3ee02
bigvul_transfer,7,bigvul_transfer:7:7237c8a17ebe,CVE-2017-16820,CRITICAL,7237c8a17ebee882a26940f9213489f3ec494352a77e738dd3a6537496312cfd
bigvul_transfer,8,bigvul_transfer:8:de9542058930,CVE-2015-6787,CRITICAL,de954205893090590974af5c22b0a19bac1723bf694b8df60f0f322977dbd923
bigvul_transfer,9,bigvul_transfer:9:888732b77e7a,CVE-2009-0397,CRITICAL,888732b77e7ad0524296a34b3ef687396318752fe29b37b82b8465e4d865452f
bigvul_transfer,10,bigvul_transfer:10:65a04bd8b067,CVE-2016-1621,CRITICAL,65a04bd8b067c418d5c9bc3a7c7139596760a7cc7f4baa875819428e33d1c794
bigvul_transfer,11,bigvul_transfer:11:ba7852e02d2f,CVE-2019-1010298,CRITICAL,ba7852e02d2f97b586de83540fd02aacd040f742b31487ec7d1904d7453e66fb
bigvul_transfer,12,bigvul_transfer:12:61d648a6cca5,CVE-2017-0589,CRITICAL,61d648a6cca55e8c24fd13b31c95da38f908596dcc31b24089319452a2337e08
bigvul_transfer,13,bigvul_transfer:13:185ccb719b1b,CVE-2019-5788,CRITICAL,185ccb719b1b6859d8f2eeebef67eee193d5f9518b7860104bccc48e97aae3b8
bigvul_transfer,14,bigvul_transfer:14:0c533ec27e35,CVE-2019-5788,CRITICAL,0c533ec27e3557f4dc2e6659ffeedb834079d19ed64391ef3eb3ad91195dd908
bigvul_transfer,15,bigvul_transfer:15:c75842633a54,CVE-2012-5139,CRITICAL,c75842633a544582e70208f7edba134177532f07cb206f3789828808d89aa5d4
bigvul_transfer,16,bigvul_transfer:16:881dbbfa5228,CVE-2015-5232,CRITICAL,881dbbfa5228cfb098d70b8d0cdcde8de89abda3a3cd8d9ee59e6808198f6932
bigvul_transfer,17,bigvul_transfer:17:e537e045fa13,CVE-2013-0840,CRITICAL,e537e045fa13f42e54fafd65ad9fdcf05fd6ac6aaf77cb4a4145b90990f268b0
bigvul_transfer,18,bigvul_transfer:18:63e624405789,CVE-2016-0826,CRITICAL,63e6244057899cfe3e1b970370f4e17b8f31cbd0badb678f37a1d844b26c4fbd
bigvul_transfer,19,bigvul_transfer:19:71ad4868d31a,CVE-2012-5138,CRITICAL,71ad4868d31a26c0ef0baf018c11ba367e4651cfe99b551643e2bdfcc79a6b30
bigvul_transfer,20,bigvul_transfer:20:1e79cd02e1f0,CVE-2015-6791,CRITICAL,1e79cd02e1f08bd6428294db8bb521fbfbab110b55d78b00afb16d719d2122d6
bigvul_transfer,21,bigvul_transfer:21:e01209dfae02,CVE-2017-13090,CRITICAL,e01209dfae0217708e8c16b3c487cb4a5a8a1174ab90ad1daf1c7ae1e1759f3f
bigvul_transfer,22,bigvul_transfer:22:ea07311fd269,CVE-2016-1621,CRITICAL,ea07311fd269c2bc93f472549ff7535da9eaffc2177774a64923bc1f572701d9
bigvul_transfer,23,bigvul_transfer:23:948a2b2bd63e,CVE-2016-1621,CRITICAL,948a2b2bd63e6e37ec24d48681beafceb89ead03c2d49556ab1ac7eace1df3ad
bigvul_transfer,24,bigvul_transfer:24:33e018e70c15,CVE-2015-3835,CRITICAL,33e018e70c15547a139a8ab9fd0bddca215c1fc0dddd65a052885d2149d6dcdd
bigvul_transfer,25,bigvul_transfer:25:00b5f6ef412e,CVE-2016-2508,CRITICAL,00b5f6ef412e753b4dd11769837e2f618beba8578171d359e28d850528e771d1
bigvul_transfer,26,bigvul_transfer:26:fa4725cb43c2,CVE-2018-6140,CRITICAL,fa4725cb43c28c999a35b53b7b246361fd998e6b448318f61ca3c0b54e9058ef
bigvul_transfer,27,bigvul_transfer:27:4aca40b79bbb,CVE-2016-10150,CRITICAL,4aca40b79bbba315e1d9323f1c0a38bee001619bf8f5018921e47fd13a21ce0c
bigvul_transfer,28,bigvul_transfer:28:02adc0a77933,CVE-2011-3099,CRITICAL,02adc0a77933a69fe8881f7ef95ef8976e85a0a3f0c63a0ce292531ab0b78555
bigvul_transfer,29,bigvul_transfer:29:0023689a76d4,CVE-2016-0838,CRITICAL,0023689a76d464591ee97cef9feb771ff089cfdd7795b2c51d4288ef9c70bc82
bigvul_transfer,30,bigvul_transfer:30:0cb31b473a7d,CVE-2019-11815,CRITICAL,0cb31b473a7da73cdc145d57100b8cbb51eecbc8d33e4cb783f8b53d59831878
bigvul_transfer,31,bigvul_transfer:31:910b42315eeb,CVE-2016-2476,CRITICAL,910b42315eebdfaff861becde052a32cda0fa0bfae08dcde7a61eb995e5c9c47
bigvul_transfer,32,bigvul_transfer:32:179b2bdaf76d,CVE-2016-2429,CRITICAL,179b2bdaf76d50442ba98cab6587f92e302998c76006f006f53f67f2b0f1e8f0
bigvul_transfer,33,bigvul_transfer:33:207799863ad5,CVE-2011-3101,CRITICAL,207799863ad5d4369f170881ee0303dbbb8a11d7a7715b4198ab72fafb2b0abb
bigvul_transfer,34,bigvul_transfer:34:663ac142c256,CVE-2016-0839,CRITICAL,663ac142c2566ddd1aac3104f82bd205a2a67daeb7665da6ef422538c5a583c0
bigvul_transfer,35,bigvul_transfer:35:c27015808de0,CVE-2017-15126,CRITICAL,c27015808de031e3e606a60b45c7a89ad267077b4197ecfb84cbe76b5fc7cdea
bigvul_transfer,36,bigvul_transfer:36:db4e4c1b3854,CVE-2014-4502,CRITICAL,db4e4c1b3854afacbe57dee348315cb8b3c4b03197ed7aaf5ee3cdc401be27dd
bigvul_transfer,37,bigvul_transfer:37:38d5532fe8ed,CVE-2014-9421,CRITICAL,38d5532fe8ed5358dac09737cc850249d83bb9fa13dc4d31bf1e947032180b7c
bigvul_transfer,38,bigvul_transfer:38:e08c12a0b988,CVE-2011-3087,CRITICAL,e08c12a0b98835035852da00e709768976b9472e7f6af8a9e9c8fd6619c041f5
bigvul_transfer,39,bigvul_transfer:39:dd42b1abc885,CVE-2016-0826,CRITICAL,dd42b1abc885b7b2f79a33ea719e39ea870ed5162c628b040c483c3e23e8f36f
bigvul_transfer,40,bigvul_transfer:40:9fae9ae859fe,CVE-2012-5139,CRITICAL,9fae9ae859fe5ee8c40ea3fd11a1bfbcd925196fd88dc694c8429010df06c79a
bigvul_transfer,41,bigvul_transfer:41:f98b7802a90d,CVE-2016-2324,CRITICAL,f98b7802a90d4f9c76812a97cf36ad127133038abf9557c25dab3df3f480b223
bigvul_transfer,42,bigvul_transfer:42:5939472e40da,CVE-2016-2476,CRITICAL,5939472e40da095858075534411a90fba8d2288439f6636e2350a7afd6264654
bigvul_transfer,43,bigvul_transfer:43:90c64abeb22e,CVE-2016-1621,CRITICAL,90c64abeb22e5200003332ea939a802725fc4630c43b29484b5801ca55319966
bigvul_transfer,44,bigvul_transfer:44:50aa7e61ea91,CVE-2014-9803,CRITICAL,50aa7e61ea91a8fb64ce5915d6d2b14c2f4dcccd034df268d0ec8733c2ba802c
bigvul_transfer,45,bigvul_transfer:45:c4e23dcc95b8,CVE-2016-1620,CRITICAL,c4e23dcc95b84207feb309c7f149094820dc9d4eb412a1b8aac2f42bb603dbdc
bigvul_transfer,46,bigvul_transfer:46:955be0bddd01,CVE-2016-2449,CRITICAL,955be0bddd014a131a5c1f5846eeaf07e2cd25894517b1450fde8c559e67d436
bigvul_transfer,47,bigvul_transfer:47:2b72985554d0,CVE-2016-2449,CRITICAL,2b72985554d070382c3f4a385ff06bee1a992586c143cdf7bdc1e173e73f4e3e
bigvul_transfer,48,bigvul_transfer:48:65a1e8440c51,CVE-2011-3091,CRITICAL,65a1e8440c51a825d3bbb095a753fb7e7518fb313f4bff1807285dc9b7ffc7c3
bigvul_transfer,49,bigvul_transfer:49:b07d2d8439e1,CVE-2016-3913,CRITICAL,b07d2d8439e1b7c9de19e52a76460f72d895b974da1d8962b7cddce7b6ae9796
bigvul_transfer,50,bigvul_transfer:50:6796c32c9247,CVE-2016-1639,CRITICAL,6796c32c92472debd30ec67a08e9e5a96bcc23a133db0418c0edc350e8d8d422
bigvul_transfer,51,bigvul_transfer:51:211f50b309e6,CVE-2016-2324,CRITICAL,211f50b309e6ef4ae80790fc3de9459280f5ecfb81d9456653b0219b2c3cb127
bigvul_transfer,52,bigvul_transfer:52:d1271848d342,CVE-2016-1621,CRITICAL,d1271848d3426633b8a293d9f0e5caf05cf7ba5b00e3f9e48baf20269b113f83
bigvul_transfer,53,bigvul_transfer:53:d0e22ef87d06,CVE-2015-3849,CRITICAL,d0e22ef87d069f54fce01a2c7d791f035517cc76fab1780691a5b5d45c385832
bigvul_transfer,54,bigvul_transfer:54:3d0a04137521,CVE-2012-5108,CRITICAL,3d0a041375212ea934120a338646d779fdbbdc662a6fe2cd305b95842e83b596
bigvul_transfer,55,bigvul_transfer:55:a4e0054d352a,CVE-2016-1621,CRITICAL,a4e0054d352a6c20f69c8f957de6dadf1e731a159d0bd8c0e0214a8642cab508
bigvul_transfer,56,bigvul_transfer:56:6d5c1658e75f,CVE-2009-0946,CRITICAL,6d5c1658e75f2638bf8c8506e3330bc7f855b6b17e40067d103fd8c654f4eb94
bigvul_transfer,57,bigvul_transfer:57:9d305c92c719,CVE-2013-0842,CRITICAL,9d305c92c719bf489e2a2795174459a2bd972ddb4c27cce428d50e62973055a4
bigvul_transfer,58,bigvul_transfer:58:a4441127ebaf,CVE-2016-3861,CRITICAL,a4441127ebafacd6ef66896d4b0fe3fdecf10f4c42c6afd612c4838ad0dfeb66
bigvul_transfer,59,bigvul_transfer:59:36a69f59147b,CVE-2014-4502,CRITICAL,36a69f59147bd42efae112d3952efd934aaf0a82f4d86fcba1c9785eca14e08a
bigvul_transfer,60,bigvul_transfer:60:f2ae8ae3b838,CVE-2016-7912,CRITICAL,f2ae8ae3b838e3ed3d97436ab1f84ae8e85f8f3cc5ac47b9b4b0452a0f8207d3
bigvul_transfer,61,bigvul_transfer:61:a4d33f361e16,CVE-2017-16820,CRITICAL,a4d33f361e1695833e7379bd69fbe8ac53ff582edd44cb0ef76916e035e2a429
bigvul_transfer,62,bigvul_transfer:62:79d818ba629b,CVE-2015-0278,CRITICAL,79d818ba629b13dc7255b8c3f1c45a6bf956cb7a6a252463f6bdb22e5efaca7b
bigvul_transfer,63,bigvul_transfer:63:34edb1620916,CVE-2016-2464,CRITICAL,34edb1620916f6fee2308eeab68713cf22b23dd87d7856821891577ed9d75d94
bigvul_transfer,64,bigvul_transfer:64:5c85815b6bae,CVE-2011-3193,CRITICAL,5c85815b6bae92934181837c22b903095031427d7b315b93892aeaddab0bd295
bigvul_transfer,65,bigvul_transfer:65:644f9ce372e4,CVE-2016-2496,CRITICAL,644f9ce372e49f215cbc4c698f3a0794fe3a2611fe13171b5e17fbea3a37d380
bigvul_transfer,66,bigvul_transfer:66:da181382d54f,CVE-2017-0596,CRITICAL,da181382d54fe52ffbf3dc15c8bb930c4e63a7cd0fc40e36929f824a2bea11d1
bigvul_transfer,67,bigvul_transfer:67:bee80178ef91,CVE-2016-1621,CRITICAL,bee80178ef9179cb5557cf195058d183c2c9ba8f36001e4c0332d541e36b1c00
bigvul_transfer,68,bigvul_transfer:68:7a3494ba1ae2,CVE-2012-2844,CRITICAL,7a3494ba1ae25d7147443f15112bc322ffc08fa06e0642e10fbafac2235cc2fd
bigvul_transfer,69,bigvul_transfer:69:1d3ed1ea6435,CVE-2016-2419,CRITICAL,1d3ed1ea643545db4243c97c9bf6a7f50d1e4dab32faef4f1c3aa6d6634deef2
bigvul_transfer,70,bigvul_transfer:70:7a9a07ec02f1,CVE-2015-6787,CRITICAL,7a9a07ec02f18983004bf7139c56ce63b3a80cb427b9a57ef66e54df5499a65d
bigvul_transfer,71,bigvul_transfer:71:334215c725c5,CVE-2016-1621,CRITICAL,334215c725c5971cb68f6edfed624100f894ad8947f02d3cd34926cdd50e3666
bigvul_transfer,72,bigvul_transfer:72:2e026cfe0a07,CVE-2016-2324,CRITICAL,2e026cfe0a07abd43fba5e20ad5098735f4aa8a22dacffea3cd0d36a52eab184
bigvul_transfer,73,bigvul_transfer:73:aefcb46981b7,CVE-2013-2870,CRITICAL,aefcb46981b7d015050097e87f8272b139c8675f7dd57e51049d23508bd9927c
bigvul_transfer,74,bigvul_transfer:74:186ab69a878f,CVE-2015-6640,CRITICAL,186ab69a878fa9de86b6ba7f71c8a0d27917638c4f218797b22d27f025dc3774
bigvul_transfer,75,bigvul_transfer:75:335c4a183c73,CVE-2016-3916,CRITICAL,335c4a183c73768917d85a893fa84cb68ad0f0371b84f1ea8610f1bb1aadad56
bigvul_transfer,76,bigvul_transfer:76:bf8abf33c03c,CVE-2016-1647,CRITICAL,bf8abf33c03c8fb405a0a25e464af246dfa6713e80a0d4e5a29c61875d372f48
bigvul_transfer,77,bigvul_transfer:77:bc367ce82cb0,CVE-2016-7912,CRITICAL,bc367ce82cb098c5213078e2a61f89900f2cba551cd59c436cf16ab6fd5453ca
bigvul_transfer,78,bigvul_transfer:78:462872b72720,CVE-2011-3097,CRITICAL,462872b7272044eb655ab1c38b65ca3032dcfc99dbb168b0777ef7256e3b7bfe
bigvul_transfer,79,bigvul_transfer:79:f105daa74827,CVE-2009-3604,CRITICAL,f105daa7482773630402938c9c6e908ed008c371d612c652b1cb5a77ae1f33b9
bigvul_transfer,80,bigvul_transfer:80:c66979a181d9,CVE-2015-6791,CRITICAL,c66979a181d95b9b2a1ffb21e624488d841f3a9da53555f6a4c0dd721c708cda
bigvul_transfer,81,bigvul_transfer:81:f38defa82758,CVE-2016-10150,CRITICAL,f38defa827582e2ba2f4b3889cd8ce7037a7ae5c75fe5c212c9c188e68b575ab
bigvul_transfer,82,bigvul_transfer:82:337188d92a53,CVE-2016-2496,CRITICAL,337188d92a53d5091c76739177de1a4b34d3c675d6318fa5fefa8d55a9a95505
bigvul_transfer,83,bigvul_transfer:83:5324f9f517c3,CVE-2016-0826,CRITICAL,5324f9f517c3791a837ab6bdc4c46df63d28171351741ae697cf13aa1391fb2d
bigvul_transfer,84,bigvul_transfer:84:3f4beb538e94,CVE-2016-3861,CRITICAL,3f4beb538e94e82e287d51be427bfc151d4af5a13fa46d7f2e2c13d5003aaa94
bigvul_transfer,85,bigvul_transfer:85:f74bb98b6e84,CVE-2016-1621,CRITICAL,f74bb98b6e84b49827bc7042e914bef97279d7e2773367661234932fc5d83819
bigvul_transfer,86,bigvul_transfer:86:387b61d5aa34,CVE-2012-5139,CRITICAL,387b61d5aa3476eb861427c50469e0bb43f1e522bb51febbef045e5786e3fc64
bigvul_transfer,87,bigvul_transfer:87:737eddbad26a,CVE-2012-5140,CRITICAL,737eddbad26a0edd2efe79ed5699b0276506fe7c78dbd4fa32866d35c29e5a21
bigvul_transfer,88,bigvul_transfer:88:6f46d824cf28,CVE-2015-6787,CRITICAL,6f46d824cf284e80b444f68e87b56a1e15474bd84bb8c24f59be4f4318223dc4
bigvul_transfer,89,bigvul_transfer:89:76e81aa0f06e,CVE-2009-0946,CRITICAL,76e81aa0f06e806bd946b053c817f863afdc36b069930bda32e5e7895440fb2f
bigvul_transfer,90,bigvul_transfer:90:200ac46c1570,CVE-2016-3861,CRITICAL,200ac46c1570f67c97a5b91f9f2fda9f3bce5f3b5b2c2d69cf6c9f97f2d8d7b5
bigvul_transfer,91,bigvul_transfer:91:08588d8ec3af,CVE-2016-3861,CRITICAL,08588d8ec3afdacdd08bc4b4aa1c4ddc63e9b8bc710977283c6f297769b9fcda
bigvul_transfer,92,bigvul_transfer:92:fe65018a66da,CVE-2016-1643,CRITICAL,fe65018a66da5407cc4d0c788c00ebc2996856663f04193ed26dc019d8a281b3
bigvul_transfer,93,bigvul_transfer:93:0fa18f49f50f,CVE-2016-7912,CRITICAL,0fa18f49f50fd1247d6724c9e915ace0efb92276032a5445163011c421e04521
bigvul_transfer,94,bigvul_transfer:94:78ffc737156e,CVE-2016-2464,CRITICAL,78ffc737156e73ce45206c660e8449ddcd65dfeb070bb123c6396c68adf53d1f
bigvul_transfer,95,bigvul_transfer:95:244935d29f8e,CVE-2011-2895,CRITICAL,244935d29f8e288d208d179b543a9e9b94c281f2589b3c42c7a76549b5d6fa78
bigvul_transfer,96,bigvul_transfer:96:76ce7d083811,CVE-2019-5788,CRITICAL,76ce7d083811edd716baef8a48ceb45ad85ac53dbdd49a1f16eff3afd70c6d4c
bigvul_transfer,97,bigvul_transfer:97:ea6cb27ae6c8,CVE-2011-3193,CRITICAL,ea6cb27ae6c802381dc7d8fb37215aab9f7fcc1005afafcbeca28c7cf5f6431d
bigvul_transfer,98,bigvul_transfer:98:b2afff4540b6,CVE-2016-2464,CRITICAL,b2afff4540b6d2af76d0de19cdc82d38b5f3e120c9bd095e2e5b8c8dbb8f2184
bigvul_transfer,99,bigvul_transfer:99:ff4101d4f7c0,CVE-2016-1621,CRITICAL,ff4101d4f7c08e50eef5bbc11d20bb3e6212aa9419f38943fefad90dc69384af
bigvul_transfer,100,bigvul_transfer:100:341399b1ba61,CVE-2016-0839,CRITICAL,341399b1ba619cbb0f5e189fee6cb1bc101013f3c2cd7c1f6c7cf6188d99d97c
bigvul_transfer,101,bigvul_transfer:101:763568acf942,CVE-2011-3099,CRITICAL,763568acf942211b0915568e9061fc599f94754d5cec0948d186b2ab49b32dde
bigvul_transfer,102,bigvul_transfer:102:aaf1dbddd1e1,CVE-2016-1620,CRITICAL,aaf1dbddd1e1eeeddc3bd2fb7008f84185dfb78defe2cb74b75091ba2e7fd9cb
bigvul_transfer,103,bigvul_transfer:103:6bfe1895e229,CVE-2015-4601,CRITICAL,6bfe1895e229bfbc7db0be536eb0cc6189cf593e55168cd096eb3f098a4fd528
bigvul_transfer,104,bigvul_transfer:104:5bc82f55fdeb,CVE-2011-3101,CRITICAL,5bc82f55fdebe531fc3442a26ca409c5a7b731dc77e02619453852005f034d99
bigvul_transfer,105,bigvul_transfer:105:8b0e7bf99708,CVE-2013-0840,CRITICAL,8b0e7bf997085b5ed57aba271c0bf7f1064e26b1e5191066f49236b9c0a6ce64
bigvul_transfer,106,bigvul_transfer:106:7914871f7387,CVE-2016-2449,CRITICAL,7914871f7387e9c25a4c197fd2722d18adea1176df0014452d688d20cdbb8b94
bigvul_transfer,107,bigvul_transfer:107:89fd18f105ec,CVE-2016-1621,CRITICAL,89fd18f105ecdeeb9f8f98cfd1c2cf164e6f4cf24cdf2b6c62a939fa7d623ae1
bigvul_transfer,108,bigvul_transfer:108:d2192eb8aa60,CVE-2013-0840,CRITICAL,d2192eb8aa60bb849e0aa67b555ec3676981fa65bc1d133acd075b686b72e97a
bigvul_transfer,109,bigvul_transfer:109:8c0407ac2d19,CVE-2018-9476,CRITICAL,8c0407ac2d195bd1f9e940efb93a516f103c40c6f66b2e5520f21e2bef14b798
bigvul_transfer,110,bigvul_transfer:110:9bb78ccff1cc,CVE-2016-7117,CRITICAL,9bb78ccff1cc71000551f661d121a03621bbf068109ba0018e8ee3acc4ba49a5
bigvul_transfer,111,bigvul_transfer:111:c35c1785e828,CVE-2019-1010298,CRITICAL,c35c1785e82872d8c1a9c07f386cee09fcb6d51eb3705dab89a364191a84024c
bigvul_transfer,112,bigvul_transfer:112:2320994bab97,CVE-2016-2449,CRITICAL,2320994bab9794305e4458087232862539d973ca874478e021998121926a47a3
bigvul_transfer,113,bigvul_transfer:113:fd8d84f623d3,CVE-2016-3913,CRITICAL,fd8d84f623d370f54256e283f51c4edd356a745e4100adec851301313453bbfb
bigvul_transfer,114,bigvul_transfer:114:edf7954b6948,CVE-2016-2464,CRITICAL,edf7954b6948f4e1854907b19c4d665a4b77a67c061801d8512a832744baff7d
bigvul_transfer,115,bigvul_transfer:115:07e8e445b619,CVE-2016-3861,CRITICAL,07e8e445b619fb439eb255e7975a07415e0ecc74a38b243ced2e0bee8df3f98a
bigvul_transfer,116,bigvul_transfer:116:6bed3d25b0bc,CVE-2012-2844,CRITICAL,6bed3d25b0bc370bbbc9403cccd5663ab600483ee3311347056485e86326cb33
bigvul_transfer,117,bigvul_transfer:117:b9f0136c999d,CVE-2014-9803,CRITICAL,b9f0136c999d1b23b17e55e098bc4ae9d3ad54b6ceb91fb323537625f33610ed
bigvul_transfer,118,bigvul_transfer:118:f48813e9833a,CVE-2018-6140,CRITICAL,f48813e9833ae50dc488b1ac88c59b6bc5816f54229279e137a14de0636589ac
bigvul_transfer,119,bigvul_transfer:119:14fe4f14b4de,CVE-2015-6791,CRITICAL,14fe4f14b4dee849d67fbde9b3232c6eab2f00481280f70f558c2ccf2af1ef3d
bigvul_transfer,120,bigvul_transfer:120:0130f83edbe5,CVE-2016-2419,CRITICAL,0130f83edbe55b3c7b93fa24a5afb0d499b13774ac4b1779e029df6df8c2276c
bigvul_transfer,121,bigvul_transfer:121:c1287c27a958,CVE-2011-3099,CRITICAL,c1287c27a958e29598fa79246c450f2f3c741aa73841fab57ef915da4d108daf
bigvul_transfer,122,bigvul_transfer:122:d54129a7d1ec,CVE-2011-3108,CRITICAL,d54129a7d1eccfe081c7c447f2e086f7f3ecf6e3f7c68f4319d6d3813741cd41
bigvul_transfer,123,bigvul_transfer:123:3fc6d25632f0,CVE-2015-3842,CRITICAL,3fc6d25632f04c93db7a58e21df6aee75e10b5642b80c34440bfcb8f1f305a94
bigvul_transfer,124,bigvul_transfer:124:eb874285df81,CVE-2016-2464,CRITICAL,eb874285df8162bf08ca2da3932605621416373228e0a87100d6967de3abc983
bigvul_transfer,125,bigvul_transfer:125:95c4506ad0b3,CVE-2013-0842,CRITICAL,95c4506ad0b35c99107749864787bc14bd872007f50d374179b44afa8e2ce4ae
bigvul_transfer,126,bigvul_transfer:126:01f2ef12e032,CVE-2017-0592,CRITICAL,01f2ef12e0327df7f9ac362bc5eae7567d8b262537b8c0cd7682c0b7316d6330
bigvul_transfer,127,bigvul_transfer:127:445781fa2c2e,CVE-2019-11815,CRITICAL,445781fa2c2e96b1f6512c96aa0402f79cc9f47dda1279a853ed6cbc7eec93e5
bigvul_transfer,128,bigvul_transfer:128:d8def98612ae,CVE-2011-3097,CRITICAL,d8def98612ae1016e7604befa2be390f293cab650d3a53de12e8edd7e0726f41
bigvul_transfer,129,bigvul_transfer:129:02b0c94b5a11,CVE-2016-10150,CRITICAL,02b0c94b5a114e9b92626af19e808dadbe3e38d4a252a571b1c5abafcb5eb5f5
bigvul_transfer,130,bigvul_transfer:130:cd572930922a,CVE-2016-1621,CRITICAL,cd572930922a83d8e989f51edf4b07920aee2d597ee837a7de7a50184fe912ce
bigvul_transfer,131,bigvul_transfer:131:aa2d9c66f4be,CVE-2019-13638,CRITICAL,aa2d9c66f4bed380a62e24914a86f3bbc88b1030afff4ed7f19fdc16713f1e9c
bigvul_transfer,132,bigvul_transfer:132:b199bc37a824,CVE-2015-4335,CRITICAL,b199bc37a8247b91faa823b6f700fc643e5617e677e4bb8d33b90c059ea5da0c
bigvul_transfer,133,bigvul_transfer:133:879d0a862a65,CVE-2014-9922,CRITICAL,879d0a862a651a622b0c89bba9cf3e7904d647099b6734956efded003cbfd507
bigvul_transfer,134,bigvul_transfer:134:d740013773b5,CVE-2015-6787,CRITICAL,d740013773b575de77f91f87f312848e942ca18d4c71d0851d9cf9c437b9f25a
bigvul_transfer,135,bigvul_transfer:135:50cf85d086bc,CVE-2016-2324,CRITICAL,50cf85d086bc5cdade83eb066555e277fc5dc36c8900ecfb74021f33873ff1b6
bigvul_transfer,136,bigvul_transfer:136:07921f1d7f6b,CVE-2011-3193,CRITICAL,07921f1d7f6b3a4be101fd3c3d050bb0b1e8e6bc007a6863df4b1a0887b03d67
bigvul_transfer,137,bigvul_transfer:137:2e9247ce6d13,CVE-2012-5143,CRITICAL,2e9247ce6d137e8ddebbb7445a2401103c2a771f36336c2aaccf986de6cac3b0
bigvul_transfer,138,bigvul_transfer:138:cfd0abce2a52,CVE-2016-0826,CRITICAL,cfd0abce2a5283809b8f60858e592a41392109c9df2cdf12545f21cc7a463c91
bigvul_transfer,139,bigvul_transfer:139:3287bca1bfb0,CVE-2016-7911,CRITICAL,3287bca1bfb04b62f953664681122f4822debbe877522d067c9ea3eb2fd28e9e
bigvul_transfer,140,bigvul_transfer:140:402212c60563,CVE-2016-0827,CRITICAL,402212c60563663bef3ac73f6054a8ab182e8c53957e848eedbfe53b5fa00c96
bigvul_transfer,141,bigvul_transfer:141:f0f365088b0a,CVE-2016-1621,CRITICAL,f0f365088b0a44d069bb5d6ab9ff8a386c12e1acf723726f606efcd11a10f4a7
bigvul_transfer,142,bigvul_transfer:142:f7fb4dc955f2,CVE-2016-2464,CRITICAL,f7fb4dc955f221f28ee9df249d0b72dc136547642a44595933b6a2baf6fe55e1
bigvul_transfer,143,bigvul_transfer:143:ed6d482e66dc,CVE-2015-3331,CRITICAL,ed6d482e66dcb10b251354be4cce7b76b388cfdfd8592d8d87ce28c86075bc9f
bigvul_transfer,144,bigvul_transfer:144:ecd0c7704137,CVE-2015-6765,CRITICAL,ecd0c770413784b252a403c4144301e073c12d862414caf8a6d96a04353f8154
bigvul_transfer,145,bigvul_transfer:145:2baed690761d,CVE-2016-2464,CRITICAL,2baed690761dab601ab77c0d1f748e9acfefb2fe1d69f5cacb1a6f71b34fb001
bigvul_transfer,146,bigvul_transfer:146:d765e17e4bfc,CVE-2013-0842,CRITICAL,d765e17e4bfc5351696346d4a601c2dd3de526fefe8e71faab07bbe8db5a318a
bigvul_transfer,147,bigvul_transfer:147:7dc3f7461274,CVE-2013-2884,HIGH,7dc3f74612741dbb0543e87e549f5794ad7c8b886a28fd5331393ba60edd6b32
bigvul_transfer,148,bigvul_transfer:148:c72cb90cea88,CVE-2017-2647,HIGH,c72cb90cea8809f1c56b9cb992dd36a7e525e6b21ff9c22ec7625ede8167a1fd
bigvul_transfer,149,bigvul_transfer:149:b4fba3fa073c,CVE-2013-2885,HIGH,b4fba3fa073c060e54cc9cca9b39e2ae9e612835cfa8b98eed17f3a5bb6e9287
bigvul_transfer,150,bigvul_transfer:150:aa582e4d2953,CVE-2015-1265,HIGH,aa582e4d2953a2d2d2855e986256ccd9981c18ec597ef4f9b5cce144e8acea46
bigvul_transfer,151,bigvul_transfer:151:8ac4872d40cc,CVE-2019-15946,HIGH,8ac4872d40cc5b8d304879bd0af6dd673c4413a235b2f732c14639f6956a0953
bigvul_transfer,152,bigvul_transfer:152:47e2f41db8b3,CVE-2015-8963,HIGH,47e2f41db8b3f762c70879bbe3fdf55e0063320cd2b72516fbbe7ec933751c12
bigvul_transfer,153,bigvul_transfer:153:d49d824040e5,CVE-2016-6561,HIGH,d49d824040e551e5579839eaec059d9bfba113df6584f3af783f4b92c1690127
bigvul_transfer,154,bigvul_transfer:154:7e9bce376704,CVE-2013-1858,HIGH,7e9bce376704f79c5bb0b57ad9f507d42d04f16ec9cb86a97ddf971f368571f9
bigvul_transfer,155,bigvul_transfer:155:ea6244a097ed,CVE-2013-2017,HIGH,ea6244a097ed5a45f62f070915a2f569a45470f374eb1a9d7372f1b4b494bf61
bigvul_transfer,156,bigvul_transfer:156:e9e9111279be,CVE-2011-1292,HIGH,e9e9111279be9fdcbb3c73856d9c70d343a4946f0ec96b125e644f743199fb99
bigvul_transfer,157,bigvul_transfer:157:e4557cf44157,CVE-2016-7417,HIGH,e4557cf44157c2292c6d76fd6cdf41ee2304221f4ceda5e5dab61c4dad386eb2
bigvul_transfer,158,bigvul_transfer:158:b56294a2529f,CVE-2016-9754,HIGH,b56294a2529f44c7203b51c2d7ae56b72042b159bfbd2bf6a46dc686588d1742
bigvul_transfer,159,bigvul_transfer:159:4056221d2494,CVE-2017-7864,HIGH,4056221d2494c90415f88a4805e7a937cf4b2e5d2ac7af641cad3be62b914f2b
bigvul_transfer,160,bigvul_transfer:160:a9f5cb4e90dc,CVE-2016-7035,HIGH,a9f5cb4e90dc63e160c0c616c89f099db403e37030c88b14cfb5d3a24098f35a
bigvul_transfer,161,bigvul_transfer:161:7d1827d22060,CVE-2013-1763,HIGH,7d1827d22060d6980c9cb7abd2a487abc6b267b91c31046e30c98ed48f2f5aba
bigvul_transfer,162,bigvul_transfer:162:d7cbe0d1a9fd,CVE-2017-5522,HIGH,d7cbe0d1a9fd1bec944df06073bea3bf3a1d87096cc3f631aabecc66a7c24fcd
bigvul_transfer,163,bigvul_transfer:163:331ad82c8d35,CVE-2015-1867,HIGH,331ad82c8d35cf04f2ed01edb20132f139dd398b888135288f15d43e221ff1cf
bigvul_transfer,164,bigvul_transfer:164:712c2e47cf0b,CVE-2016-7948,HIGH,712c2e47cf0b93d64d27537eb1c47c77274fd1e3da339107ca83e70d7f1ef01d
bigvul_transfer,165,bigvul_transfer:165:7984274a7d63,CVE-2012-2896,HIGH,7984274a7d63a11c46eb38edd099dfdba90610b0dbf762fb97b537ec5026fb73
bigvul_transfer,166,bigvul_transfer:166:5699de90e938,CVE-2016-4303,HIGH,5699de90e93825a24a1db16e7319f09c3a3ffbce91eb6224e1659fd3ff1df6dc
bigvul_transfer,167,bigvul_transfer:167:ad5dfbd15ebf,CVE-2014-1715,HIGH,ad5dfbd15ebf50657b7da041a51f27573cc268f541c74488195da0caa9637818
bigvul_transfer,168,bigvul_transfer:168:bc8133a2685e,CVE-2012-5150,HIGH,bc8133a2685e8b63425a6efe0aa4816041aad394cff5a248a4c0132af0e53704
bigvul_transfer,169,bigvul_transfer:169:dca5ad795361,CVE-2014-3191,HIGH,dca5ad795361645009e9205e8260ba9ace39145539ba33d7b3473dbaec949829
bigvul_transfer,170,bigvul_transfer:170:457e546ff894,CVE-2015-1335,HIGH,457e546ff894e6d28c79800c9c372118777ad4f08eb132e35442db3e744c99da
bigvul_transfer,171,bigvul_transfer:171:881d199e67d5,CVE-2015-1213,HIGH,881d199e67d5ddd5ef1e7249a14d8018e1314e819d5b14f886e95a27a45e556d
bigvul_transfer,172,bigvul_transfer:172:d4311e972476,CVE-2017-14059,HIGH,d4311e972476717141692f271517d7b4ca041274119836220034fbccf2e024e9
bigvul_transfer,173,bigvul_transfer:173:08c93cfadfba,CVE-2016-6711,HIGH,08c93cfadfba67cac194443e601910a5e0f792c5741d9e18c4a3b82d16e66d77
bigvul_transfer,174,bigvul_transfer:174:992e63159913,CVE-2012-5148,HIGH,992e63159913a33793bd3d0aa8e3e63698f9b7ad1d719842eb11026c5beb1375
bigvul_transfer,175,bigvul_transfer:175:a00a67610c8f,CVE-2016-3751,HIGH,a00a67610c8f7c27f530858508ff26099a21b01ac57f5419eebe71ff6059738a
bigvul_transfer,176,bigvul_transfer:176:aeafc1a7decf,CVE-2013-0886,HIGH,aeafc1a7decfb8ff7533e1711a01099a364435560efb013173c95f1f26e3932d
bigvul_transfer,177,bigvul_transfer:177:c87e7c1dc4b0,CVE-2015-1216,HIGH,c87e7c1dc4b0fbc1ceaafdda7896617c6aa126f7ea9076628dea5e94d96aec27
bigvul_transfer,178,bigvul_transfer:178:7512a82e50d2,CVE-2014-1700,HIGH,7512a82e50d24306c65861c925fee3d96da046d424a221ad4576fc5ca5cd5b7e
bigvul_transfer,179,bigvul_transfer:179:f357e62282a8,CVE-2015-1295,HIGH,f357e62282a87cf1cc727b29658b7ed85af0541db44c7903cdb939067dc5c7ed
bigvul_transfer,180,bigvul_transfer:180:c8b37f3969ca,CVE-2013-2094,HIGH,c8b37f3969ca8bfc6539571b70b633860415233c208b8378346a3724b76225df
bigvul_transfer,181,bigvul_transfer:181:7db6a8a4e697,CVE-2013-0904,HIGH,7db6a8a4e69701db6a7ceb6d6af73e5a6a1930edf3d79da60fe6bffd1a25bd21
bigvul_transfer,182,bigvul_transfer:182:abe215268c0c,CVE-2016-8666,HIGH,abe215268c0c4d792786d96437b706e672619eeb5553fa97bb70ed6d15d13657
bigvul_transfer,183,bigvul_transfer:183:fe4e18ea0bf2,CVE-2011-2350,HIGH,fe4e18ea0bf24155aa824787cf18907122c6796a81cc366de7ad3ad53b4eb567
bigvul_transfer,184,bigvul_transfer:184:b97283f93890,CVE-2015-8816,HIGH,b97283f938908e529b7522df20a174283d1408688885beb750456d2b6f7d737a
bigvul_transfer,185,bigvul_transfer:185:2faef2378b6e,CVE-2012-5148,HIGH,2faef2378b6e4e0f665a9a806109bbd3ef627ff88f3ca7799be66ee3aebca465
bigvul_transfer,186,bigvul_transfer:186:95a58ebfed3c,CVE-2014-1743,HIGH,95a58ebfed3c17041971219b6f360641420684776a09e00356c2621e826861cb
bigvul_transfer,187,bigvul_transfer:187:76751d3eda01,CVE-2012-0036,HIGH,76751d3eda01b578bf0317d590140576203e48a02f49accb9f2aa5ab889466cd
bigvul_transfer,188,bigvul_transfer:188:58c640cd554c,CVE-2012-2100,HIGH,58c640cd554c6ecd60b3d5253211caed0fbca210d3f954b1caa1e681cab56a0a
bigvul_transfer,189,bigvul_transfer:189:780d5c907edc,CVE-2013-0838,HIGH,780d5c907edc43ac77f218b0244e9db6ce2d3847d4812eab458490d02fbc4cf7
bigvul_transfer,190,bigvul_transfer:190:0e740b8e102a,CVE-2016-5769,HIGH,0e740b8e102aa4fafb66f5ab2e3ab593fb0de418c132507d13e0d823327aea53
bigvul_transfer,191,bigvul_transfer:191:ddaad84bc122,CVE-2012-5148,HIGH,ddaad84bc1220a228573e7a1a6e9492b77f81300515ca8c625a4a74c28ed8c1f
bigvul_transfer,192,bigvul_transfer:192:3d471290129c,CVE-2011-3084,HIGH,3d471290129cfddaf63f54084d7f91699151407c37dd15355da548cd421e3632
bigvul_transfer,193,bigvul_transfer:193:11715fc82211,CVE-2016-5096,HIGH,11715fc8221120c4e80ba3497ba7fd3cb28e066d0e07369afd0750dd34130b95
bigvul_transfer,194,bigvul_transfer:194:b962e28d6102,CVE-2014-1713,HIGH,b962e28d6102ba267d0e1a4ee21c28f7287f2ac4caafe584c974a7f9b2109a7e
bigvul_transfer,195,bigvul_transfer:195:d4ee36660b9b,CVE-2013-2094,HIGH,d4ee36660b9b89a7e64a6d0c6d2e286402ef6dfb201c68b59d91c4855b763d86
bigvul_transfer,196,bigvul_transfer:196:dedfc1807e5d,CVE-2012-2888,HIGH,dedfc1807e5d77d71f86f0f0f6bd7f7c4791534cc22f2b3ab58fb1b48589836f
bigvul_transfer,197,bigvul_transfer:197:980401153e3d,CVE-2012-2880,HIGH,980401153e3de0ca37f37f8de3b2c78e81f2d3ead7a0f7f25b969d418d6ff93a
bigvul_transfer,198,bigvul_transfer:198:bca30811067b,CVE-2017-13028,HIGH,bca30811067bfe6863cf8c03c21c77323aaf9c1d00dfdd97991366833fed7106
bigvul_transfer,199,bigvul_transfer:199:3ee5340b3a18,CVE-2017-18174,HIGH,3ee5340b3a184a65408ca2779aaa2a06484af1dff2722287e9726d30fe55b2dc
bigvul_transfer,200,bigvul_transfer:200:9437e6450a38,CVE-2011-2829,HIGH,9437e6450a38c4523377cd48aa7071fb7fe99b1a6fd111541d9f38a3299feaa7
bigvul_transfer,201,bigvul_transfer:201:d56a1b46c80e,CVE-2015-6773,HIGH,d56a1b46c80e79fdcab4fe881867a258ee58153c822bde69ec3d5e05fb90e9e2
bigvul_transfer,202,bigvul_transfer:202:0ef9779e2782,CVE-2012-0207,HIGH,0ef9779e2782d5fad36993b5aebe9dddc9eb6608c1d3310007d1936bf3d7283f
bigvul_transfer,203,bigvul_transfer:203:d92f0e4d6a2a,CVE-2016-9137,HIGH,d92f0e4d6a2a94b5c2159e74435115271e9cec2be0d8766765fde59b3946705c
bigvul_transfer,204,bigvul_transfer:204:b9587c908359,CVE-2014-7822,HIGH,b9587c908359f34a1471a2343fc076aa13e0aeadea4d802527a5c104f51567bd
bigvul_transfer,205,bigvul_transfer:205:8e3dae9e583c,CVE-2012-5148,HIGH,8e3dae9e583c2190a6d795d2851e7770f02f2f4428824f614d1e493a414ff77f
bigvul_transfer,206,bigvul_transfer:206:03cc65b63977,CVE-2018-10199,HIGH,03cc65b6397765e3666e8753a85c99fabed6c1d2ddbe473cfd20a18c1fc4fcba
bigvul_transfer,207,bigvul_transfer:207:a1fbd6f041f7,CVE-2016-6515,HIGH,a1fbd6f041f7c920ca2d9b797489ef68cc7966a43a8b137a8bd0fb5ad767bf40
bigvul_transfer,208,bigvul_transfer:208:0a0be3172a05,CVE-2017-18379,HIGH,0a0be3172a055a73778ea9511b6e22d5be40dfc0de3b00a89dc034380a24e80c
bigvul_transfer,209,bigvul_transfer:209:0c0db651e6bc,CVE-2011-1292,HIGH,0c0db651e6bcb9ab85a9e0cb4cede08a4b1a54e80cc1ef9f9365366fdcfd14be
bigvul_transfer,210,bigvul_transfer:210:94ddbfd17752,CVE-2017-8831,HIGH,94ddbfd1775230cbb83d9a0402d4d54ddc17aee40e51c57457ac5b462ece67d4
bigvul_transfer,211,bigvul_transfer:211:560f58652076,CVE-2013-3301,HIGH,560f5865207603d302d966331038aa89b0b4742be3f91de01d6c0424fca4e994
bigvul_transfer,212,bigvul_transfer:212:89c0510d41ed,CVE-2011-3053,HIGH,89c0510d41ed67b3541c7e3880e1308d1db3a96d62ceedb032f4c4f316bf02c9
bigvul_transfer,213,bigvul_transfer:213:bc27da81c2bc,CVE-2015-6768,HIGH,bc27da81c2bc9ce65a03a965bc1249564d7acebbd0575e1d120a0a37383ca719
bigvul_transfer,214,bigvul_transfer:214:8f588d202e82,CVE-2017-12187,HIGH,8f588d202e8259fc8810a4d002975cfd34e68410fdcc76b007bacad75abf4cdc
bigvul_transfer,215,bigvul_transfer:215:9f117552742a,CVE-2019-11810,HIGH,9f117552742aa28e411a4babf2a199ad476e9a14995ad49a66f3a70e6f3abde7
bigvul_transfer,216,bigvul_transfer:216:89973995cac8,CVE-2019-15920,HIGH,89973995cac8e23f633ca2c2c98a0b068255691337ed231bfbf9aad2cb95e993
bigvul_transfer,217,bigvul_transfer:217:123dee65648b,CVE-2015-1213,HIGH,123dee65648b7a8c32d22ae7abd6b3e28f3d06eff9179fbce990949ce2824438
bigvul_transfer,218,bigvul_transfer:218:60628a4ddec2,CVE-2013-2017,HIGH,60628a4ddec23790af3fcf9f292d5ccbe8bf819f1d3a4bb461cd24335a840def
bigvul_transfer,219,bigvul_transfer:219:895e2e8e96e7,CVE-2015-8964,HIGH,895e2e8e96e7350264bbf10c417c0d25b07279deab04e29ad3a8a475cad3fea2
bigvul_transfer,220,bigvul_transfer:220:ff668f752b9c,CVE-2012-5148,HIGH,ff668f752b9c85e1a10865c683ffb8125b7caf0e70245b252c30d164d460730d
bigvul_transfer,221,bigvul_transfer:221:85c02f8098ec,CVE-2013-0886,HIGH,85c02f8098ec57a0ae85bcef44af75a930dc34a7d077ea81fb3a8ff71297f422
bigvul_transfer,222,bigvul_transfer:222:f5e169a35b26,CVE-2013-0886,HIGH,f5e169a35b26f8eda06bbeaaac50f8af818daef62d3acefcb20e373828945e36
bigvul_transfer,223,bigvul_transfer:223:44eb10eb77e2,CVE-2017-16532,HIGH,44eb10eb77e29de2b9ca0d3310bb46dcd4804b47a9a4979c3733712c07bf7a15
bigvul_transfer,224,bigvul_transfer:224:848d99fb4641,CVE-2013-0838,HIGH,848d99fb4641da9a0815a11e9bfbcb79742486c31b1ef8f2a991f0d7679b781b
bigvul_transfer,225,bigvul_transfer:225:bd71062e07e1,CVE-2012-2896,HIGH,bd71062e07e19d89d3cff1ca3968f6cd41a19bb88062d3bc8f4d79a03470ea28
bigvul_transfer,226,bigvul_transfer:226:9aa9675924e3,CVE-2014-1743,HIGH,9aa9675924e3941bc0729d2daafe2fc1c92b6809503ce39d6c13ffe1cf40039e
bigvul_transfer,227,bigvul_transfer:227:6726bc6a9115,CVE-2017-13190,HIGH,6726bc6a9115a7bb185c56f6adafa30393685f588f61d2bfc46b31d89f7a571c
bigvul_transfer,228,bigvul_transfer:228:354a46908b71,CVE-2016-9539,HIGH,354a46908b71e633be7a293a3c7b85b6b6f48f46086c86639b9a22c60c3957df
bigvul_transfer,229,bigvul_transfer:229:bd5146f3eb63,CVE-2011-2482,HIGH,bd5146f3eb63da1054cd4aed646c4876eb4f8211fb671f5406578e64bbb0e788
bigvul_transfer,230,bigvul_transfer:230:282fb5c4c2f3,CVE-2012-2816,HIGH,282fb5c4c2f390e4b1be6e2ccc65a34a93c9824a00670c0a624fa724812b4f79
bigvul_transfer,231,bigvul_transfer:231:cb35e986ecc8,CVE-2011-1477,HIGH,cb35e986ecc8aad430af1a8253c230d5437f0ef3dde483517732063a2f499b28
bigvul_transfer,232,bigvul_transfer:232:0da03955b811,CVE-2015-6768,HIGH,0da03955b811f6a869f3a17df51521698086efa81f4ff2b96cca279419cb3373
bigvul_transfer,233,bigvul_transfer:233:6176cb820006,CVE-2017-13008,HIGH,6176cb8200063f69f802cdcd248bdb54fac06ca5d56f1ff21c45fc2696e681f7
bigvul_transfer,234,bigvul_transfer:234:56783476ea09,CVE-2018-17570,HIGH,56783476ea09224d45fa25ed19cb35ad3293446eb67eb7ad346b21156c681b82
bigvul_transfer,235,bigvul_transfer:235:fdc7d7c8bacc,CVE-2015-1213,HIGH,fdc7d7c8baccaf73e95161ffefa1b073d8375fb41839f07609832c32dbd11a1c
bigvul_transfer,236,bigvul_transfer:236:0de06e0e0594,CVE-2016-3751,HIGH,0de06e0e05945174f12559e808cafe595f09590ea5f17f7fe74127d2085a553e
bigvul_transfer,237,bigvul_transfer:237:47d5b5373b83,CVE-2015-6763,HIGH,47d5b5373b83f8a58373b5907ff660ce691c0df6966e4dcaa352f34950fff45b
bigvul_transfer,238,bigvul_transfer:238:d1f9f8582da7,CVE-2017-17052,HIGH,d1f9f8582da7a4fccfe6fe32ef9023738238cbc8c9199eb336ce93236df268fc
bigvul_transfer,239,bigvul_transfer:239:7fb6fcf625f5,CVE-2016-3750,HIGH,7fb6fcf625f562ba7379eef0b80c4f3622dfec74acd5e8123158be20fe66ae76
bigvul_transfer,240,bigvul_transfer:240:f25457b1bff6,CVE-2013-4263,HIGH,f25457b1bff6413026f8dddffd970213eaf71c609827da6ca05216cbcae700e5
bigvul_transfer,241,bigvul_transfer:241:ac8bf2c39881,CVE-2011-1292,HIGH,ac8bf2c3988153686ac9bd128e7e63a99610a2537df98bdd7a65a28d957ff645
bigvul_transfer,242,bigvul_transfer:242:ce46b0328e3b,CVE-2019-13106,HIGH,ce46b0328e3b188f5baa4b7755f8931c623ba0e9fc0abb22c9fd230076a4c469
bigvul_transfer,243,bigvul_transfer:243:58c42b2ab4c7,CVE-2014-1700,HIGH,58c42b2ab4c7f1c30af4ea75115099186151f903953eb0f2ea08e7c5e42304d9
bigvul_transfer,244,bigvul_transfer:244:88adaf1fd063,CVE-2012-5148,HIGH,88adaf1fd06352a7a6ac7f73de7b735f4018f78f1a11c503e6b846c4112e4135
bigvul_transfer,245,bigvul_transfer:245:8e72c0b45c1c,CVE-2017-10807,HIGH,8e72c0b45c1c4ea4e2617e964951c37f7a3dbc598bd6f9c6227c3b172876846f
bigvul_transfer,246,bigvul_transfer:246:d1cad1a450d9,CVE-2013-0837,HIGH,d1cad1a450d9f1dcc421f0a20739d4ada3aecee0f3ec0e142d533a640aa1fab2
bigvul_transfer,247,bigvul_transfer:247:6df0ef32ba0e,CVE-2014-7822,HIGH,6df0ef32ba0ef690a20129f3b32d87a62782082046d8384ad54da400c2a2a610
bigvul_transfer,248,bigvul_transfer:248:03d86584e6ff,CVE-2012-5149,HIGH,03d86584e6ff6c0c333cb805d089890542ff1e69cda2ee869089467038645e77
bigvul_transfer,249,bigvul_transfer:249:3dd04898296c,CVE-2016-3819,HIGH,3dd04898296cf5f40750e3ceaf845a8f5e8baedaff6ff7422a6f67965acb9dcb
bigvul_transfer,250,bigvul_transfer:250:9a9f644c1c2f,CVE-2011-3107,HIGH,9a9f644c1c2f2a4ed2eb5c0e78a38fe85b6bb75d18c2ce831ea362422ddc32b3
bigvul_transfer,251,bigvul_transfer:251:67b5da2806ef,CVE-2014-1700,HIGH,67b5da2806efb51e85dafa4b5b6725e4e51e2a10bc3c4b1b9b99c8977c0bd210
bigvul_transfer,252,bigvul_transfer:252:14bb9128e0e3,CVE-2014-1713,HIGH,14bb9128e0e3128dd689c26e78cc031b06db105391a541097ef4a9c8a6cd9c34
bigvul_transfer,253,bigvul_transfer:253:fcb287517ec0,CVE-2011-2839,HIGH,fcb287517ec071ea11b06f21925d734b8355bb5410c9a6be7285139d885cafc1
bigvul_transfer,254,bigvul_transfer:254:12bd2a30e7cf,CVE-2019-11810,HIGH,12bd2a30e7cfa7438e24f1c1e292c84b0036a80f47ddb80fe16de33aa39de6ce
bigvul_transfer,255,bigvul_transfer:255:a8625f1e0945,CVE-2012-5148,HIGH,a8625f1e094555fa3590eb873a2e90ab9e0284386bf8604a5bd870062b36860d
bigvul_transfer,256,bigvul_transfer:256:839834e09617,CVE-2013-2885,HIGH,839834e096177a41825c572aeb2f198a478efd6a7cb9724ec0429323b4dd2f89
bigvul_transfer,257,bigvul_transfer:257:b1e8bd657ad8,CVE-2016-9317,HIGH,b1e8bd657ad8d848ef8f7924a3f74a3a2cf6c3591b2675b4b3286461ec5d604f
bigvul_transfer,258,bigvul_transfer:258:8b35fd9d9b42,CVE-2017-17852,HIGH,8b35fd9d9b427b0d9e7ecdbf03b716a842fefd0b80d66c192125c70cd1b17253
bigvul_transfer,259,bigvul_transfer:259:0e49c52c2475,CVE-2016-4303,HIGH,0e49c52c2475e962fba650a2ec0a21086ed01a4461a1cc0842c33fff4eb96d40
bigvul_transfer,260,bigvul_transfer:260:caf987fc5e30,CVE-2014-1715,HIGH,caf987fc5e308e18850ec35e4cd29981d7c91ee83948e3cf0647b8c39a567703
bigvul_transfer,261,bigvul_transfer:261:7c1f79fe3f4d,CVE-2014-1743,HIGH,7c1f79fe3f4d548e20dd82760c2296aaec70194690896639c3b26b94f9257faa
bigvul_transfer,262,bigvul_transfer:262:500d72f41230,CVE-2012-5148,HIGH,500d72f41230125ad127ee10f5f8b977fe30d9ef92c604ec60cdc392dcc15134
bigvul_transfer,263,bigvul_transfer:263:384e82fe9d89,CVE-2012-5148,HIGH,384e82fe9d89dbb8669e4e8e8d81c1ab5db0288605ea37c158e4f65424879648
bigvul_transfer,264,bigvul_transfer:264:0b91a106544f,CVE-2017-14222,HIGH,0b91a106544f7b818fd9f90a7af742db94b871dae49679a4fdf992bb207a7ec1
bigvul_transfer,265,bigvul_transfer:265:a89b0967d448,CVE-2011-3105,HIGH,a89b0967d448463f212b00c728ac40795babcb0f4ce9d5d893962435843e2a04
bigvul_transfer,266,bigvul_transfer:266:e269ae23f133,CVE-2011-3084,HIGH,e269ae23f133674bc6fc3e0c444d549b272c797424bca10e743b177cd1e6c172
bigvul_transfer,267,bigvul_transfer:267:9e4a8a9a3602,CVE-2015-6768,HIGH,9e4a8a9a3602b22c8ee037555a716ae283eb4d2f2a19c8ccfe92c3cc8087a97e
bigvul_transfer,268,bigvul_transfer:268:831a87225e1d,CVE-2013-2887,HIGH,831a87225e1d29ecdad70080379a2ea4acc8d9fa0cb9a80dee0370daf22840eb
bigvul_transfer,269,bigvul_transfer:269:e206f12475da,CVE-2019-11810,HIGH,e206f12475da3cc77ef820ad940fd3e3d811d556cfa87e19e665b114f114e4ed
bigvul_transfer,270,bigvul_transfer:270:efbab02e46f6,CVE-2018-13006,HIGH,efbab02e46f6f9982f24b53a34602837c1754fc8222abd6fd5ce8f948e20d20d
bigvul_transfer,271,bigvul_transfer:271:c77fe73e01ed,CVE-2016-10030,HIGH,c77fe73e01ed71c5a17fed2dfe3352cf21c0b8362828ebf7b59d4c1243793b5c
bigvul_transfer,272,bigvul_transfer:272:611e7fb277ba,CVE-2015-1344,HIGH,611e7fb277ba05a4b6da91378aafd0b9035c5f16774b5f7147599e611cad2b26
bigvul_transfer,273,bigvul_transfer:273:47a8ef19150b,CVE-2017-2647,HIGH,47a8ef19150be97cd72a2b387c5b47e2325a64b677cf7dccb4bc379912f7d313
bigvul_transfer,274,bigvul_transfer:274:764731e5f0a5,CVE-2019-11072,HIGH,764731e5f0a55f7272adce7a207e0756709742de7784c13ab7b8b0a2aa5361b2
bigvul_transfer,275,bigvul_transfer:275:80fb106183fe,CVE-2016-9137,HIGH,80fb106183fe5183b52d5e24f3a186d706212fc43f4f49aa54a7df3a42ad8f66
bigvul_transfer,276,bigvul_transfer:276:5f2b536abeb6,CVE-2016-1583,HIGH,5f2b536abeb6804d017f76bcb550e573411df56a3d25186964223decaf59819f
bigvul_transfer,277,bigvul_transfer:277:2a4de56a9818,CVE-2012-2880,HIGH,2a4de56a9818cdfd545e64a891a0f1f01cebf8a61ea2a00371ff819fd64659a4
bigvul_transfer,278,bigvul_transfer:278:a07995b98cce,CVE-2013-0886,HIGH,a07995b98ccec38fa4b2b991ef666e9a61aa16deca698c3da1ab4e7413d3f84a
bigvul_transfer,279,bigvul_transfer:279:1fa282f0b43e,CVE-2012-2136,HIGH,1fa282f0b43e99ed6fb028e7489d5dc3b88c663711a5ea7ff711db22201b109d
bigvul_transfer,280,bigvul_transfer:280:1ff99352c719,CVE-2013-0886,HIGH,1ff99352c719f488cc1a22290fcc0ca38c0fb7f39fc69ecf96c655f7577dc0bd
bigvul_transfer,281,bigvul_transfer:281:34de894f5438,CVE-2013-4247,HIGH,34de894f543807370504ce9f75854f15d0f15614b91da54a3952f634dcf433a2
bigvul_transfer,282,bigvul_transfer:282:4f7ee34d12ec,CVE-2015-1213,HIGH,4f7ee34d12ec765f6288499082df39017c812db4ccbb3cf3e7e460a941361747
bigvul_transfer,283,bigvul_transfer:283:cd525335d6e1,CVE-2012-6712,HIGH,cd525335d6e1aabe928df003c206a004778b508e32a10a1c003c0c8b970e841c
bigvul_transfer,284,bigvul_transfer:284:96355dbdbd18,CVE-2011-3051,HIGH,96355dbdbd18a75ed887f015743500265f6758d6ed4bfbaa1ce73a10414ad74a
bigvul_transfer,285,bigvul_transfer:285:dc371f2eb1ca,CVE-2017-13054,HIGH,dc371f2eb1ca49ef9f5ca9e1f685d6f9836421d7b75bd88877bdf8b80b8a2209
bigvul_transfer,286,bigvul_transfer:286:392d755e5e16,CVE-2018-12232,HIGH,392d755e5e162fcac6ea64d60cbf9d4b3c3f3623dbaaa06ba08d9a6d251598c0
bigvul_transfer,287,bigvul_transfer:287:f9fc1f5fabb9,CVE-2014-0182,HIGH,f9fc1f5fabb91c7f231b800f7a74e2196c2aa304f286fe2db2026461356e3a94
bigvul_transfer,288,bigvul_transfer:288:c984df60645a,CVE-2011-1477,HIGH,c984df60645a6e7d5c599f2606c9ea94f27079ce414849a1a7d1e50005fc5b40
bigvul_transfer,289,bigvul_transfer:289:d7e92966abfa,CVE-2011-2797,HIGH,d7e92966abfa02f1e86cef5752eb7c84a237b44f2985e80c7b51881af38b58c9
bigvul_transfer,290,bigvul_transfer:290:c43396bb7d17,CVE-2011-2804,HIGH,c43396bb7d173684c32a84bddd77ba7f3208ff71716cd6f7302983efadf28155
bigvul_transfer,291,bigvul_transfer:291:a481f1046216,CVE-2014-1700,HIGH,a481f10462164f8436b63fc0ed74e45fe07388c8469ec6a60a1625bd6877696e
bigvul_transfer,292,bigvul_transfer:292:19fc250b8a53,CVE-2017-12894,HIGH,19fc250b8a5364dcb21d3bdd6d66b3d11948988c32d81cacae444575b2337892
bigvul_transfer,293,bigvul_transfer:293:4695229cb268,CVE-2019-14495,HIGH,4695229cb268a47eb3502f19e65a93904eb2a0909b4977b9e6d424fad9d7ec23
bigvul_transfer,294,bigvul_transfer:294:1cae1cba178a,CVE-2014-8176,HIGH,1cae1cba178a4cba77de149b9f1e7ac452f488337da1579ccc7a9f876fc1ef86
bigvul_transfer,295,bigvul_transfer:295:70815d2f3692,CVE-2011-2351,HIGH,70815d2f36925babbbbf1e477378829c6abbb12962dea4ac82f16797736864e6
bigvul_transfer,296,bigvul_transfer:296:150d06b0e058,CVE-2016-10133,HIGH,150d06b0e05827a808e70776db62b9ff83453d0d99ef1fb7024827e1059433f0
bigvul_transfer,297,bigvul_transfer:297:bf13d307be20,CVE-2011-2854,HIGH,bf13d307be20f859678b2df1603b1719ef08c6b89d062719399dda5a0f7b4265
bigvul_transfer,298,bigvul_transfer:298:74fa66c82bfe,CVE-2016-6250,HIGH,74fa66c82bfe1df2f2d323ef798eac76c8c92bd247f68fe62b4746c060897160
bigvul_transfer,299,bigvul_transfer:299:161689066bc5,CVE-2019-6978,HIGH,161689066bc51bf622239944f2199286c91136956fd301512e9e248cfd38461b
bigvul_transfer,300,bigvul_transfer:300:0f7af223382c,CVE-2014-1700,HIGH,0f7af223382c5bdf70009314efabf1748bc16130cd5dcf1e59d69aa1693ed8a2
bigvul_transfer,301,bigvul_transfer:301:1bf3a5b7f872,CVE-2019-15538,HIGH,1bf3a5b7f87207de20c3ce6ead49866a3a70864a380c451753104c4e31cd720e
bigvul_transfer,302,bigvul_transfer:302:cc628a5c589e,CVE-2017-7541,HIGH,cc628a5c589eba42ad36cbe316c692725cbe62aef54dfe30f5b332f5bd950583
bigvul_transfer,303,bigvul_transfer:303:855ee71a49b9,CVE-2018-20169,HIGH,855ee71a49b961da94cc6a292c7db5c7d9d6db68b8bbafcdd415d50c5da47301
bigvul_transfer,304,bigvul_transfer:304:612dfaadf811,CVE-2018-20182,HIGH,612dfaadf811f00cd8182fb1d1584f44c464c6c5c1c9a764b9145427ebc6a109
bigvul_transfer,305,bigvul_transfer:305:b9dc5c99e423,CVE-2012-2883,HIGH,b9dc5c99e4232725ba9468ec8036ab9a5f059ffddd0891f51d8d988cb1c4bd3c
bigvul_transfer,306,bigvul_transfer:306:e3da4442eff5,CVE-2019-17113,HIGH,e3da4442eff5d7ee8e881b5103a463efa7e46f0d832e4d78b249a6bb0f613368
bigvul_transfer,307,bigvul_transfer:307:af140c8c3b1a,CVE-2013-2887,HIGH,af140c8c3b1a750b908b1f1d1e3c9a47048befd35219b775c432a6d70a6ceddc
bigvul_transfer,308,bigvul_transfer:308:a6b741a49e13,CVE-2017-12187,HIGH,a6b741a49e13087ffb5c85f37cf13ac9076995ee709a2798f0b6a68ce77e0db0
bigvul_transfer,309,bigvul_transfer:309:437fb0b48531,CVE-2011-2797,HIGH,437fb0b485316221b6d3ad7d26cf49cdb5dbd9e30e14c96591de11b5421f298a
bigvul_transfer,310,bigvul_transfer:310:434d7c1698a9,CVE-2016-10133,HIGH,434d7c1698a9d130d2d7c3f65fb9198f6dfe0c8db6b41ea0156c59f72793ded8
bigvul_transfer,311,bigvul_transfer:311:91c6529eb062,CVE-2018-8786,HIGH,91c6529eb062a50eff68bd0751d0d1fce3ff6cc1aae3a11b9b477b11d25afaa2
bigvul_transfer,312,bigvul_transfer:312:3d9c7f7342f2,CVE-2013-0882,HIGH,3d9c7f7342f2c1286a204b8bd69ed3513669e41d24ab545cab79cbe8c00c4cc2
bigvul_transfer,313,bigvul_transfer:313:160168a4e839,CVE-2016-3820,HIGH,160168a4e8390bee0c2cf3f0ed6d5dfb45a340d7489e2b36c1310e76756b3bf3
bigvul_transfer,314,bigvul_transfer:314:a5947a0345c2,CVE-2012-5148,HIGH,a5947a0345c25f49fd749502295a20b29b7b06aa3718394bbf41ac0a24b68e13
bigvul_transfer,315,bigvul_transfer:315:49946f1079e8,CVE-2011-4348,HIGH,49946f1079e8ff676a75d7cf46442435734976b1ef7c9abaea056b814a229952
bigvul_transfer,316,bigvul_transfer:316:12315096c5e4,CVE-2012-0207,HIGH,12315096c5e4994de17672e7bf5012bf65465716a336a7c859d8fd3376864e1d
bigvul_transfer,317,bigvul_transfer:317:acdc16f3a3ae,CVE-2012-5148,HIGH,acdc16f3a3aed1ca9f96c97f2fbe9bdbee77b2aa527ff01edd263ca0a74a31c7
bigvul_transfer,318,bigvul_transfer:318:936445ec2440,CVE-2016-6290,HIGH,936445ec24409d05c9c05e2f2b588c3a4559aa0ab83422dd96c55c44c90c7043
bigvul_transfer,319,bigvul_transfer:319:619440a2c2f1,CVE-2011-3084,HIGH,619440a2c2f1557c3f9c970a824db6499dfd7cbc242756229976823befe125c3
bigvul_transfer,320,bigvul_transfer:320:7ab9788e6b37,CVE-2014-3191,HIGH,7ab9788e6b37f5e363e295611e1284caa5094b0834b411d250a1ade02d31fcaf
bigvul_transfer,321,bigvul_transfer:321:bdb2e4f8e98b,CVE-2013-4247,HIGH,bdb2e4f8e98b4b21f3b105ead7a801be81f486a2c64440cb06719ea5dd3711aa
bigvul_transfer,322,bigvul_transfer:322:e84f9016372e,CVE-2012-2880,HIGH,e84f9016372e8dd53d036728f8f60d127231de0ac7760fba8032222fdbb9c220
bigvul_transfer,323,bigvul_transfer:323:5a6236fd19a5,CVE-2013-0904,HIGH,5a6236fd19a5081cb7bafe3278387b20163203df57596ec5944611fed1973a98
bigvul_transfer,324,bigvul_transfer:324:64482354a4c1,CVE-2012-3412,HIGH,64482354a4c18df4e4a90c39a28047a2e5b0f68ff615ae9302a26a902ed84498
bigvul_transfer,325,bigvul_transfer:325:3298ec8b3513,CVE-2013-0885,HIGH,3298ec8b351351bb9c5895695b17c22ab004d5435c66ec33bc3480c2b9fb318d
bigvul_transfer,326,bigvul_transfer:326:aacc3414a56b,CVE-2016-10058,HIGH,aacc3414a56ba4bbafb23aecc20779751ff00fb0e4c21ba886c3bb58bba79e3d
bigvul_transfer,327,bigvul_transfer:327:b47d7b68cdf5,CVE-2014-1700,HIGH,b47d7b68cdf580d17961329322e248628e5c453201fc12c295a87fc8935a4e6f
bigvul_transfer,328,bigvul_transfer:328:9124aca71466,CVE-2016-9793,HIGH,9124aca714660961723ff45ce1ea01d38af4946d6d4ea5cea74659a8b9fdca80
bigvul_transfer,329,bigvul_transfer:329:1be72f9e6634,CVE-2013-0886,HIGH,1be72f9e6634e8fe02ceeebd5480af92e81d8db92ba6a178633a405c3c32c0e0
bigvul_transfer,330,bigvul_transfer:330:7ae79de6d927,CVE-2016-6351,HIGH,7ae79de6d9271399e2ba8158d78e0a807ff648296284eb8e307b7cda0d0f3513
bigvul_transfer,331,bigvul_transfer:331:ab536b8d0857,CVE-2014-1713,HIGH,ab536b8d085767130ad4f39741e8637484988d294231d9c7363c3a7ae9081d0b
bigvul_transfer,332,bigvul_transfer:332:0ea865fc98ad,CVE-2013-2871,HIGH,0ea865fc98ade5f7ec13b7f03edee9849a0a59c372cbb6d627cb1a4b510e8b12
bigvul_transfer,333,bigvul_transfer:333:5c088df0da1c,CVE-2016-3821,HIGH,5c088df0da1c467305fe2c5de2ce8ff65051cd6ffee08eaa966440ef914c2381
bigvul_transfer,334,bigvul_transfer:334:5f899126602b,CVE-2010-0011,HIGH,5f899126602ba43c3b4766368152a284d6da4f5e7c2e1e3d648847b1405d8549
bigvul_transfer,335,bigvul_transfer:335:28c18496af00,CVE-2016-10012,HIGH,28c18496af007cc926e1a05e454b8d0ac5b6fb728a286ba50b857841a71a06e4
bigvul_transfer,336,bigvul_transfer:336:a7e4d8bd9d61,CVE-2015-1265,HIGH,a7e4d8bd9d610417d2c82f43cb4dfe50c6c1a7612ee3de3b268c811fb07dc6bc
bigvul_transfer,337,bigvul_transfer:337:056a8f068154,CVE-2012-5150,HIGH,056a8f068154070fc63acd04286b307251e3754e2eba6532c89cc142691b6274
bigvul_transfer,338,bigvul_transfer:338:4f4da2be98bf,CVE-2015-0274,HIGH,4f4da2be98bf141170335f115c0c7d212b2e2768b61d756550ad93af0edac210
bigvul_transfer,339,bigvul_transfer:339:4fd79aaf0c56,CVE-2015-6777,HIGH,4fd79aaf0c56400d978a19cf14efb29493ab1a6693fe18193e7d78f7d269f26d
bigvul_transfer,340,bigvul_transfer:340:f6f5086674b5,CVE-2017-13023,HIGH,f6f5086674b53da65737b1f25c381b52d59fbaa3c3abfe7b1ab4e4885ded8279
bigvul_transfer,341,bigvul_transfer:341:354a6dc96256,CVE-2017-7375,HIGH,354a6dc96256e683f449830d9b4cd17ddaf12aadea7293a769d8870251be6133
bigvul_transfer,342,bigvul_transfer:342:cefbf9840e65,CVE-2013-0886,HIGH,cefbf9840e6542db3f9c1cb4b97b342c4a58c4fa8fda05617e4e0d468bd1ac94
bigvul_transfer,343,bigvul_transfer:343:f58ecf10310f,CVE-2015-1335,HIGH,f58ecf10310fbd65d35b26264361a77396f06119bad8c60d915d432c06a46a2d
bigvul_transfer,344,bigvul_transfer:344:5dadcc49b741,CVE-2012-2900,HIGH,5dadcc49b74121619dfdf3cbd08894c82404cbebff30220a170b29d579421651
bigvul_transfer,345,bigvul_transfer:345:5844aca80cf7,CVE-2015-1295,HIGH,5844aca80cf7c6579b541340570246d066d02d18eab60550e8a29bed7f3da285
bigvul_transfer,346,bigvul_transfer:346:2ab813d72f95,CVE-2013-0880,HIGH,2ab813d72f95c87bb8121837165af8a77cdb56f884873e611b64f268c867360e
bigvul_transfer,347,bigvul_transfer:347:b9b7047a267c,CVE-2014-9940,HIGH,b9b7047a267c865340b7d2841731e87c1b3cfd00f8b13a3bf9af94b5f6c16b61
bigvul_transfer,348,bigvul_transfer:348:2aaf58dfb439,CVE-2013-0886,HIGH,2aaf58dfb4395c9c5083095ad28253e9b9612cabd1720c881ffc35ba49a13e35
bigvul_transfer,349,bigvul_transfer:349:bd2876dbbe4e,CVE-2017-6890,HIGH,bd2876dbbe4e4c4c87b336e57e044d8d6a029fb85c623eb07663370b9114c4c3
bigvul_transfer,350,bigvul_transfer:350:a2e2750d8e6e,CVE-2017-7375,HIGH,a2e2750d8e6e32b0d8c58aa2a693c90cfe9e45c3242590671b951796be46b529
bigvul_transfer,351,bigvul_transfer:351:f5290387c9ca,CVE-2013-0904,HIGH,f5290387c9ca461082e207b3bd2adc50daa2bb9a9c7cf59ab373bd2a6405f561
bigvul_transfer,352,bigvul_transfer:352:279d4bf5e7bf,CVE-2014-1713,HIGH,279d4bf5e7bff885eb9e1ef7d7c494129140d39769bf5e4e629db344a165fb7e
bigvul_transfer,353,bigvul_transfer:353:c78e28847241,CVE-2017-12183,HIGH,c78e28847241246d98233d2a81e6a90d968bcd51c0ac41a34e829c91dd22ca5c
bigvul_transfer,354,bigvul_transfer:354:05954df63cbb,CVE-2019-6978,HIGH,05954df63cbbfeda3a7c15b07284cef29dc40d9d234dcc026243b2f916577e2f
bigvul_transfer,355,bigvul_transfer:355:9065d5e55e8b,CVE-2011-3896,HIGH,9065d5e55e8b57465047afc32cad8163ea32346b118556f8e6d050f8cbc1c542
bigvul_transfer,356,bigvul_transfer:356:c00856a9f595,CVE-2017-10966,HIGH,c00856a9f59519503f714036ec6a69dd7d9833ac4b2574ff482c671adde39272
bigvul_transfer,357,bigvul_transfer:357:a540295ff643,CVE-2013-4247,HIGH,a540295ff64335ad549e24ef82c91cf4363960e29d78a8c1a86ec67b5b473ec5
bigvul_transfer,358,bigvul_transfer:358:2bd46629511d,CVE-2017-7375,HIGH,2bd46629511df9a11f79cd0e6820617a12bdc9995776e43d4873b80167af58ef
bigvul_transfer,359,bigvul_transfer:359:26049540d032,CVE-2014-2706,HIGH,26049540d032b43db2ad8addfc6eda8e60571498cd70b7e7a65706aac06d447c
bigvul_transfer,360,bigvul_transfer:360:55432b628a79,CVE-2012-2100,HIGH,55432b628a79057876e9d3adebcd7f0714273fcfb672dcdd000899c540a57fc5
bigvul_transfer,361,bigvul_transfer:361:67d88d85f536,CVE-2016-9754,HIGH,67d88d85f536077dbc813962cf9bea354236d2728d32297109a0d382118a5219
bigvul_transfer,362,bigvul_transfer:362:c16e84de4b1e,CVE-2019-15785,HIGH,c16e84de4b1e7e4bea421dd8733d4deb4ed7a48b04fd9ffbcf5bed27a723a3ae
bigvul_transfer,363,bigvul_transfer:363:fe280c0d384b,CVE-2011-2829,HIGH,fe280c0d384bd7db706dc58892d8cdedad493fff5c76af873e4f3cdd930e5e24
bigvul_transfer,364,bigvul_transfer:364:66792f84ce33,CVE-2018-8787,HIGH,66792f84ce33719aab1c0c4b380d2d48c0d18bbf55a8467599f3c37149720651
bigvul_transfer,365,bigvul_transfer:365:8d7bc56dd6a6,CVE-2016-10764,HIGH,8d7bc56dd6a68d291461083d7fca47ddc9c5b06c46f7df7b1c04ea0ca6d511d6
bigvul_transfer,366,bigvul_transfer:366:c3eda3a95c57,CVE-2011-2350,HIGH,c3eda3a95c57504f3a8d07b34e0074626a9be71a5215c41f5a2715bf8c6df58f
bigvul_transfer,367,bigvul_transfer:367:f222a328a937,CVE-2018-7584,HIGH,f222a328a937274878feff1ade6d49713afcfb896ab7edb7aaf57e9e08632346
bigvul_transfer,368,bigvul_transfer:368:31d6d023260b,CVE-2012-2319,HIGH,31d6d023260b692f34909f8191c2279ec3d81000ba34c4006c419d8f033f1ffb
bigvul_transfer,369,bigvul_transfer:369:817b5a10427d,CVE-2016-7035,HIGH,817b5a10427d5c4c9a849334d5749bf8d1837e7bd5fdfdfb4e21b1fe1e0c5aab
bigvul_transfer,370,bigvul_transfer:370:c9bd0cbd637b,CVE-2015-8963,HIGH,c9bd0cbd637b76b0a32e4c58980106907943ed4157134987cbb19ae22d159773
bigvul_transfer,371,bigvul_transfer:371:c7724ed4af38,CVE-2012-2896,HIGH,c7724ed4af386f28af75047bf26f2bdbffe4af474aea663032df2b118f0d07e9
bigvul_transfer,372,bigvul_transfer:372:414ccc67049c,CVE-2012-2816,HIGH,414ccc67049cfad1abc18d02618da71c1d8f148169a35908e053d3d5cbd0ae68
bigvul_transfer,373,bigvul_transfer:373:ae609c01cf00,CVE-2017-18379,HIGH,ae609c01cf00aa8194afb4ac7d222b4ccd1b7c55e516bed6cec0fa0cea32cf4f
bigvul_transfer,374,bigvul_transfer:374:6a21e1630118,CVE-2011-3050,HIGH,6a21e1630118b7be491d671d215c8ffc802f5c7e823c00e2be072d821d9af74d
bigvul_transfer,375,bigvul_transfer:375:897b023da735,CVE-2016-10030,HIGH,897b023da735268f22c28f45c5293fcbed00abfe404a2072004ca323b59ad673
bigvul_transfer,376,bigvul_transfer:376:1211a07eaa10,CVE-2012-5148,HIGH,1211a07eaa10fd3e8f33991363ff3198280da4e15807f96b6a001afd2bd01307
bigvul_transfer,377,bigvul_transfer:377:58a35c8757e3,CVE-2013-0838,HIGH,58a35c8757e36c28f688e790cca217731b51055a7f99e1978617979f1002dd2c
bigvul_transfer,378,bigvul_transfer:378:ae7262538472,CVE-2015-1265,HIGH,ae726253847257283d363ca242863456b7c72d1addff0f604fb310dd174c07e2
bigvul_transfer,379,bigvul_transfer:379:757f157adf11,CVE-2016-9539,HIGH,757f157adf116a71b273f5758d489bb66da8f7d9b2c8f5515e17bcfdb76fa539
bigvul_transfer,380,bigvul_transfer:380:c1646ac817fe,CVE-2013-0882,HIGH,c1646ac817feebd0512c14baa5138f79b1821243f0284976dd13925be9357e3d
bigvul_transfer,381,bigvul_transfer:381:ea5f3d64c916,CVE-2015-3456,HIGH,ea5f3d64c9165ca6b609b0633d2f46041dedc14ad3f22aeba72b4262e7198559
bigvul_transfer,382,bigvul_transfer:382:9598a98fda6c,CVE-2017-12187,HIGH,9598a98fda6ca502b7c0c8666af3cec6075bf3702eaae50383e2ba2bad71b06f
bigvul_transfer,383,bigvul_transfer:383:ea81cf86dc6a,CVE-2017-5340,HIGH,ea81cf86dc6ad1e7168e1caeb2b5380ac569368821293ffbd4b8ec3566bdcd0d
bigvul_transfer,384,bigvul_transfer:384:4a1bae4f7b3d,CVE-2013-0904,HIGH,4a1bae4f7b3d8d60d8917138f4857c9f19e776b07af92c9f01b6a34631c35d51
bigvul_transfer,385,bigvul_transfer:385:5aadf5313a3b,CVE-2016-3751,HIGH,5aadf5313a3bb04a465587f7a804068823e4b6aad31378fe540c998b7fb45339
bigvul_transfer,386,bigvul_transfer:386:4720093dadb9,CVE-2019-15538,HIGH,4720093dadb97fb7d6b4d806a06669f6b4f4955ceeeea3995e1c3912392c7f89
bigvul_transfer,387,bigvul_transfer:387:d17626320910,CVE-2017-10807,HIGH,d1762632091098c40f6979da412a164c32f998d421399a3a411e8e2869a59dbf
bigvul_transfer,388,bigvul_transfer:388:d168b95f631b,CVE-2018-16229,HIGH,d168b95f631b5efe1382c2a3c3e9592678c316bbe188a02bb806e94af7884f3a
bigvul_transfer,389,bigvul_transfer:389:6481355bd2f7,CVE-2013-0885,HIGH,6481355bd2f793da00ca0f55ecca871e17f994cd18e1595787f410d1ee709a03
bigvul_transfer,390,bigvul_transfer:390:e96e390c6398,CVE-2013-0838,HIGH,e96e390c63985c0498b38445d7d4d4a3bf2fb75c46d7cad8765d39395190cc82
bigvul_transfer,391,bigvul_transfer:391:f4bd31ea7fcf,CVE-2013-2861,HIGH,f4bd31ea7fcf72e4438c9e584a5c13917a4cec031ea8e3de8f7c1c3d553da780
bigvul_transfer,392,bigvul_transfer:392:ece4997f1d65,CVE-2017-14059,HIGH,ece4997f1d65e73fefdb8b3bfa5cf3910e6e312adc36ebb9015e6b222a46af2d
bigvul_transfer,393,bigvul_transfer:393:4c658794019c,CVE-2015-1335,HIGH,4c658794019cccd66d68a21aa629f460372647d64c0cd80d26980a9efe3b45fc
bigvul_transfer,394,bigvul_transfer:394:c71e4259aa90,CVE-2016-4951,HIGH,c71e4259aa909d49e3a70fc8be596c429aeaa96437727e8c8febac0a9b672b70
bigvul_transfer,395,bigvul_transfer:395:dc4bdda42eee,CVE-2011-2699,HIGH,dc4bdda42eeea12d5dc9f1127a623fffe84e9f5e51cae3b66f9881952b02c4de
bigvul_transfer,396,bigvul_transfer:396:bf8cf66923c5,CVE-2011-2801,HIGH,bf8cf66923c577ac6ef93dd4b0dd0cf262d174bae6596df1fa359bc765042772
bigvul_transfer,397,bigvul_transfer:397:a5963f8abc52,CVE-2010-1166,HIGH,a5963f8abc520cf5969177042f22de6d31cbd379b5366e13c3771ec1d156715b
bigvul_transfer,398,bigvul_transfer:398:978fad7cdfab,CVE-2015-6763,HIGH,978fad7cdfab89fc6c14138e99b614624f0de1f274bb65744851b6f2e3b51a6a
bigvul_transfer,399,bigvul_transfer:399:ef746f400485,CVE-2014-1713,HIGH,ef746f4004854ef89222382d0f69b0411ce12118c4cfbb6ebc21221250babfa2
bigvul_transfer,400,bigvul_transfer:400:1a72a28b5f6c,CVE-2014-9888,HIGH,1a72a28b5f6c1a83f8b1fe1efc956f89f37fbaedba2c9ea40f9b252e736df5dd
bigvul_transfer,401,bigvul_transfer:401:b56bac2fb58c,CVE-2011-1292,HIGH,b56bac2fb58c629a83e708a5206b94ad351ce294147bcb0513d5b9e92ee18e94
bigvul_transfer,402,bigvul_transfer:402:0910336aa431,CVE-2013-0841,HIGH,0910336aa4316943329b443e6328fa72358300286f45e5a2d21ca2676e8c8a62
bigvul_transfer,403,bigvul_transfer:403:e071a770c021,CVE-2019-15538,HIGH,e071a770c0216f65bc62534fcf3d77cbc76939acc3e553cefe2f5a46e0e72909
bigvul_transfer,404,bigvul_transfer:404:aa673ec14f26,CVE-2013-1415,HIGH,aa673ec14f2655b3950e403949c7e49403282b53bded9132b14ebcdc7b989a36
bigvul_transfer,405,bigvul_transfer:405:c76d8c17f877,CVE-2014-0101,HIGH,c76d8c17f877405de4226053d0ae2dead9b4c6b1ce08bea453a76d479e770ce3
bigvul_transfer,406,bigvul_transfer:406:71a6d297aa8b,CVE-2013-2903,HIGH,71a6d297aa8bbbe75d850fdeda0377af0ebadd48aeebe5e41f6ef1d361bf4468
bigvul_transfer,407,bigvul_transfer:407:292233f89534,CVE-2013-0890,HIGH,292233f89534a8a6751d556c11d9c1572ab0e83f80d4c6de6ece8189f10fb17b
bigvul_transfer,408,bigvul_transfer:408:aee9338af251,CVE-2017-5546,HIGH,aee9338af2513aac1e398a0c708a6b82ad6e05ffa8536a298ab0364b393b7b3a
bigvul_transfer,409,bigvul_transfer:409:57f20c8f36bf,CVE-2016-1636,HIGH,57f20c8f36bf2fe1f8dffff70ccb10e93e750a196cdba93ff54061b678a7042a
bigvul_transfer,410,bigvul_transfer:410:115ecd037453,CVE-2012-2136,HIGH,115ecd0374537bd9b25ba272b17df40ebff10a8ff6ef1f0c222ffeceb57b72d9
bigvul_transfer,411,bigvul_transfer:411:78145478ca22,CVE-2011-0530,HIGH,78145478ca227ec31d73aa873fb0abb0ef6435a2ddede70815cadfb262da3733
bigvul_transfer,412,bigvul_transfer:412:0d913954cbfe,CVE-2016-9794,HIGH,0d913954cbfe3e7cc37f520560f9171e7b358994079c4f49617848a659bd8cc3
bigvul_transfer,413,bigvul_transfer:413:b55099a5c37b,CVE-2016-7398,HIGH,b55099a5c37b4b2667ed25d47bdf6e57dcbd334c1f6cc5b60c77084ad174c8e2
bigvul_transfer,414,bigvul_transfer:414:1ddb84963f90,CVE-2013-4247,HIGH,1ddb84963f906311d5136055937aa88b0c625ead8c3d503822e52c98df4f3457
bigvul_transfer,415,bigvul_transfer:415:dc92c4efb23b,CVE-2014-9940,HIGH,dc92c4efb23bb77244ef7ad5e36c88b593b3cf73fa3a6193acc1b9c9642aefa8
bigvul_transfer,416,bigvul_transfer:416:00feadf66ba9,CVE-2017-7374,HIGH,00feadf66ba9ab99562fdb3a70441de8a3b95abe443792e926f231e218a50dbc
bigvul_transfer,417,bigvul_transfer:417:bc6e3af38b33,CVE-2013-2017,HIGH,bc6e3af38b334c7dc466303229e3f45af23a7ae40d2dc3db6ab65b817b44c41f
bigvul_transfer,418,bigvul_transfer:418:f3e18c46fe7a,CVE-2016-10009,HIGH,f3e18c46fe7a8378a26064a88806233d8b7c80f6d7d9af2433c3d58636c9ae86
bigvul_transfer,419,bigvul_transfer:419:92b20eea761b,CVE-2015-1265,HIGH,92b20eea761b577abbf46c6e0a28d0282ddf21e3d4fa3fa08bf128de3964bea1
bigvul_transfer,420,bigvul_transfer:420:5ef1b33b208b,CVE-2017-7375,HIGH,5ef1b33b208becacbead8ac0f2ec659153153155ddbd6bc4177e51c1848456f4
bigvul_transfer,421,bigvul_transfer:421:32b812a404fe,CVE-2018-13006,HIGH,32b812a404fecd521de3ac4b9e586741600f0ca0990c36828033729269d961cd
bigvul_transfer,422,bigvul_transfer:422:9759f3d41b0b,CVE-2013-6621,HIGH,9759f3d41b0bfb0a2a422f460eb72ddc06457a5b29958ae88489d9c7a6e1b3fb
bigvul_transfer,423,bigvul_transfer:423:fdbd88224828,CVE-2013-0886,HIGH,fdbd8822482880ff0c1a3feadd21cf7f8cb86731afa4e68d8763f921acf5d943
bigvul_transfer,424,bigvul_transfer:424:76e1a159c55b,CVE-2015-3456,HIGH,76e1a159c55bf70f01efdb4954cbd2227213ab6b5c3ae7cd4469489c7be362fa
bigvul_transfer,425,bigvul_transfer:425:81bf65d0af11,CVE-2017-18218,HIGH,81bf65d0af11fdad595d0543bfbbafa83380121642a95b4dfd99c461d328d94b
bigvul_transfer,426,bigvul_transfer:426:bc96bd1901f6,CVE-2017-13011,HIGH,bc96bd1901f6a39343b9b69cd0d062fef0ac1bbaf4336a600296d35fd5c9a277
bigvul_transfer,427,bigvul_transfer:427:4cc67dc55e1d,CVE-2013-6667,HIGH,4cc67dc55e1d3f1e3025ba2f83e3d60d083169b15efe9c6b6dc5b0270a571b4d
bigvul_transfer,428,bigvul_transfer:428:3140d417f7e2,CVE-2014-1713,HIGH,3140d417f7e28dc24ec7d84d9ab7856ce8333757e890d71922411898afe68982
bigvul_transfer,429,bigvul_transfer:429:ba00b44a01b0,CVE-2017-5546,HIGH,ba00b44a01b074de929a4c0792aa3517b339bcb445a3e1d43d63900920610a69
bigvul_transfer,430,bigvul_transfer:430:f6fa1defac55,CVE-2012-5148,HIGH,f6fa1defac55c87b3a577c0ac586764a61e67cf58353ac7544aea5de226e03ee
bigvul_transfer,431,bigvul_transfer:431:09d53d5a6674,CVE-2015-1213,HIGH,09d53d5a66749c362d28affdb2bc729a14651d9ee6ceff38fa0c638d6968e20e
bigvul_transfer,432,bigvul_transfer:432:6b2f481faf87,CVE-2016-3820,HIGH,6b2f481faf877d093b8ae8a2f2ad08a4ae74c04a4efff6de0acc57417a50d89c
bigvul_transfer,433,bigvul_transfer:433:cb0868edff47,CVE-2017-6347,HIGH,cb0868edff47168f5fbd844c1e19b33dc68c5e282dd99f7366ae2d3872fcdcdf
bigvul_transfer,434,bigvul_transfer:434:4ecff2f0b643,CVE-2015-8963,HIGH,4ecff2f0b643db07599d3baad94f187e63032b3c7354bd06847226d2918a691e
bigvul_transfer,435,bigvul_transfer:435:ae22a305a274,CVE-2016-9754,HIGH,ae22a305a274b4a0eb2a85caad98170a6adb11a01616e717690ddf3cdab0f9e0
bigvul_transfer,436,bigvul_transfer:436:9983b81eb815,CVE-2013-0910,HIGH,9983b81eb815ece0207d78cc7c27bc666cf508477217cd7ff5c45bc3e7e0d8e4
bigvul_transfer,437,bigvul_transfer:437:ec5b07374825,CVE-2014-1713,HIGH,ec5b07374825df7989d891dd86844ecdf3f57577afd341464f22d4dae017387e
bigvul_transfer,438,bigvul_transfer:438:0ecda50f4bbb,CVE-2017-5668,HIGH,0ecda50f4bbb4cfd55907d4e1fbbcc00eb8533f57bc277438eefda83e5aba02d
bigvul_transfer,439,bigvul_transfer:439:b0a17351752b,CVE-2012-2100,HIGH,b0a17351752bec48ce65b635295556f10be1e35849b40fc11a7e758e49609731
bigvul_transfer,440,bigvul_transfer:440:871b5517e106,CVE-2014-1700,HIGH,871b5517e106ced678489c887f1e0223d41217298aa5c5a5e120704b0d467851
bigvul_transfer,441,bigvul_transfer:441:eb018392eada,CVE-2013-3301,HIGH,eb018392eada63c3337672c0d02c76b4482d77340562eaad5d4cd47400d89715
bigvul_transfer,442,bigvul_transfer:442:d6315da3938d,CVE-2013-2902,HIGH,d6315da3938d4bd7c2b31c8786fa573f8a0e48ba4bca838ea6bacf62dcdf5869
bigvul_transfer,443,bigvul_transfer:443:35d4381781d4,CVE-2012-5111,HIGH,35d4381781d41ad73e4612ec62084f7f05e5ef21080824762557bd9501c085e7
bigvul_transfer,444,bigvul_transfer:444:b84b7ba10a26,CVE-2011-2347,HIGH,b84b7ba10a260971ad4f1907d461f8c8f6e28ec5370d4a9c332bf76a037e3b73
bigvul_transfer,445,bigvul_transfer:445:f5c1eeeb41ea,CVE-2014-1713,HIGH,f5c1eeeb41ea50243c676f6e2355983b1400995edcd923252a6fd04834421225
bigvul_transfer,446,bigvul_transfer:446:c1f30b997793,CVE-2016-6290,HIGH,c1f30b99779386638727fb71f7b06f8f654f5a33b04858eb976bea1ef3fd78ed
bigvul_transfer,447,bigvul_transfer:447:f7bfc986d2c7,CVE-2012-5148,HIGH,f7bfc986d2c7d2e4558008fb80713bdc0b67d82d43f7ef8a3cbd82fe339b42be
bigvul_transfer,448,bigvul_transfer:448:c5c513fbb733,CVE-2015-0274,HIGH,c5c513fbb7338a32cf0b66c7ef836af163a100b813748c75c7f45f0fc8410208
bigvul_transfer,449,bigvul_transfer:449:ec2723ba7c41,CVE-2017-14054,HIGH,ec2723ba7c4135c2f6bb6a5a55a510aeb80c179bf18c8564ffb443da2351cbb0
bigvul_transfer,450,bigvul_transfer:450:f0db951becf7,CVE-2012-5148,HIGH,f0db951becf78a743501bc94a7a4946ee26f8cad0243c234afb6fdb970a69066
bigvul_transfer,451,bigvul_transfer:451:4b5fd2484105,CVE-2015-1221,HIGH,4b5fd2484105ed72e34fc398b3fe7dcf0026bb6955bf47a8f8a3e05c22f2fd16
bigvul_transfer,452,bigvul_transfer:452:c42c73ad33fa,CVE-2011-2350,HIGH,c42c73ad33fab2b534e3a65e473b3ee622389f12fdbcc8e715cfda8cf66b8573
bigvul_transfer,453,bigvul_transfer:453:597206416e41,CVE-2014-0182,HIGH,597206416e41c0fdf6bfbfb91aba16441b6c352c0ff474957c35487ccc21ec8d
bigvul_transfer,454,bigvul_transfer:454:2685edd31b14,CVE-2012-2880,HIGH,2685edd31b14e71764e758b5d031df30bd5b8f8138f9ba40abf68edac41f5d12
bigvul_transfer,455,bigvul_transfer:455:0a5987573299,CVE-2018-8786,HIGH,0a5987573299484cd234516cab99ce6ace2247d4416e665b392d7af7c34cb5ac
bigvul_transfer,456,bigvul_transfer:456:8432c51f2a07,CVE-2017-13039,HIGH,8432c51f2a07a5ccbeab8fccfab87923b9347af3e54b9bea858f83c380ecdb4b
bigvul_transfer,457,bigvul_transfer:457:85513427d13e,CVE-2010-0011,HIGH,85513427d13e7ff63fff91507322060f0834dcf8955ec35d3f37070ac0c44e3b
bigvul_transfer,458,bigvul_transfer:458:e91b346675a0,CVE-2013-0911,HIGH,e91b346675a0d78b4f236b0379adaaf323dbd0de245a268bad972f3f1637acf3
bigvul_transfer,459,bigvul_transfer:459:b44427c00a63,CVE-2013-6663,HIGH,b44427c00a632be1b5f2b5521e7d39948232d07f63ab018e2aa51110a275318e
bigvul_transfer,460,bigvul_transfer:460:a1dcd14aed6b,CVE-2017-10661,HIGH,a1dcd14aed6b80709b76f8a11a4b4e1f9b8e6fddcaa1b4e2434784978f5691e1
bigvul_transfer,461,bigvul_transfer:461:0a1b6f8ac316,CVE-2014-9653,HIGH,0a1b6f8ac3161d64e1cd06329f5034cd09bc0889ebc69c12e9cfa87bf477fe9d
bigvul_transfer,462,bigvul_transfer:462:3c4c4a0eb24d,CVE-2013-2910,HIGH,3c4c4a0eb24d16cee6081bbbcaa66bed12e0c7182f89ec9d9ca913f39a4017cf
bigvul_transfer,463,bigvul_transfer:463:a14a1e6c0a87,CVE-2015-1212,HIGH,a14a1e6c0a87d357e06120ffa3687234c2f6c1e6feb3225fa83f705067024034
bigvul_transfer,464,bigvul_transfer:464:bc6b18ca262b,CVE-2013-6661,HIGH,bc6b18ca262b0d1586640d50ad4d94b4cac9441210da0c7cc177390919fbb4a4
bigvul_transfer,465,bigvul_transfer:465:d0b3c65ff627,CVE-2013-0886,HIGH,d0b3c65ff62702078faeda1c2c0aa59965cc951b6765e1cba33915d1d11f5336
bigvul_transfer,466,bigvul_transfer:466:f2e6e9f04daa,CVE-2013-4587,HIGH,f2e6e9f04daa1b37b1dd993ef978272c1a373efa20f40923c72856e2e89d4af4
bigvul_transfer,467,bigvul_transfer:467:b075881ed6ea,CVE-2015-1265,HIGH,b075881ed6ea35276b96397cbc59a5b905c11c10b6c5468e52dd5fd1d7ab35a9
bigvul_transfer,468,bigvul_transfer:468:8e09d7f1284f,CVE-2014-3200,HIGH,8e09d7f1284f6ad7b3352bd04c39b4d52de87783d2d3ed65abce9b7df03d8cf4
bigvul_transfer,469,bigvul_transfer:469:329dd485a206,CVE-2012-2900,HIGH,329dd485a206b75056ef0bea7acdffdb4ae9c5d5bbee0571bf36ea0573fd733c
bigvul_transfer,470,bigvul_transfer:470:16f20994dc47,CVE-2018-13006,HIGH,16f20994dc471b9a2f076e8bb2fdb20cbdbbb7169c73b231f1c8e5812656fd8e
bigvul_transfer,471,bigvul_transfer:471:5a72f3024c7f,CVE-2013-0892,HIGH,5a72f3024c7f9776f4b9e0bf7ded4f768c9d02ee865b1f64875fc69aa3fb3bce
bigvul_transfer,472,bigvul_transfer:472:d83a1cd082ed,CVE-2013-4150,HIGH,d83a1cd082edcfb89f136a16507aab2726cb820a30224c0782a61935f79a7f95
bigvul_transfer,473,bigvul_transfer:473:fed6377d8f52,CVE-2015-1265,HIGH,fed6377d8f52372be79f6d37f3a34276c2f8441e1d128806e01e215c8ba1862d
bigvul_transfer,474,bigvul_transfer:474:b8190ba37e7a,CVE-2014-3167,HIGH,b8190ba37e7a6b3e2f2d6bfc71d63775c883d29453241e20cdf1fcc7d6d2550f
bigvul_transfer,475,bigvul_transfer:475:a3f4baba9d20,CVE-2017-14056,HIGH,a3f4baba9d20d55c844502d75085c3c2d3ca68a13d4c0c31140588ce0aa43a77
bigvul_transfer,476,bigvul_transfer:476:40daaf4276c2,CVE-2015-1249,HIGH,40daaf4276c2d4f5d3eaeddf5385515baeb81db391a9ce8352768b852d64a871
bigvul_transfer,477,bigvul_transfer:477:1cc68e6206c8,CVE-2012-0044,HIGH,1cc68e6206c8127bf3446b233c8337449342c4a945c561b59f58705592539e75
bigvul_transfer,478,bigvul_transfer:478:833a85d4a164,CVE-2012-5148,HIGH,833a85d4a164788947126bc9d58af649acbf2a625e59b1988576492596601f71
bigvul_transfer,479,bigvul_transfer:479:e4c0361f239a,CVE-2015-1221,HIGH,e4c0361f239a20f9e7bcc9c32fcd577eac814485fe8eff618091d7f14d254d35
bigvul_transfer,480,bigvul_transfer:480:14ae233683b6,CVE-2017-5546,HIGH,14ae233683b6e6a0ee5b2d46d7163573920879400678f81e2e1ec9c6a7129f6e
bigvul_transfer,481,bigvul_transfer:481:c8ab23dd7580,CVE-2016-1908,HIGH,c8ab23dd7580e01a9faa873261502d53c198815d5ebba1ebd86000219f1405f7
bigvul_transfer,482,bigvul_transfer:482:68ac7f0c38ad,CVE-2017-18218,HIGH,68ac7f0c38ad316cfe86bfc587bddeaa665efe08f08e35e5973256910851285b
bigvul_transfer,483,bigvul_transfer:483:13f643a83f32,CVE-2016-3078,HIGH,13f643a83f3239c9ea5bfd542ffe9b7205a508b5e49e31d5c62d9d384c1e71ef
bigvul_transfer,484,bigvul_transfer:484:2b18668c39dd,CVE-2014-1713,HIGH,2b18668c39dd3c1c969c16944431820ec6b19135bc94eccd17b98032159bf389
bigvul_transfer,485,bigvul_transfer:485:ad1453c13742,CVE-2011-3896,HIGH,ad1453c13742e35ce83d084d74087fcb2968177c0f5b7a4996597c8f939a9c21
bigvul_transfer,486,bigvul_transfer:486:2a3f881681af,CVE-2011-2517,HIGH,2a3f881681afb98892e069f6dda13d766d671b7d65e3164e1cb0cefa82e9afbd
bigvul_transfer,487,bigvul_transfer:487:ccabed16417c,CVE-2016-1245,HIGH,ccabed16417c0cfc6f9e3dabd4bf91953de2fe67d715a22db1474740f0b6119d
bigvul_transfer,488,bigvul_transfer:488:ba3c9d844a06,CVE-2018-13006,HIGH,ba3c9d844a06dc2bffd92fd7a15b4e8fd7b3f7ff712f6013b03e4c14fb1e044f
bigvul_transfer,489,bigvul_transfer:489:7f7aee6a48e5,CVE-2014-7822,HIGH,7f7aee6a48e56a5bb360fe317aced0dc3b3d94f4e7eda290fd2c3a3f39b32efb
bigvul_transfer,490,bigvul_transfer:490:77738d83c432,CVE-2016-5773,HIGH,77738d83c432c7bef9bdbde194436183a90529fab4558fa1adfd67fd005e3440
bigvul_transfer,491,bigvul_transfer:491:88867bb533bb,CVE-2016-3751,HIGH,88867bb533bb384c486dc765a51f479471a26abaa502f4f9ea7d546a08a48621
bigvul_transfer,492,bigvul_transfer:492:e8a43251ddc6,CVE-2015-6768,HIGH,e8a43251ddc6fe7f27d53b0aa88372c10963c9426f67d7149b6bf23aa0182884
bigvul_transfer,493,bigvul_transfer:493:e49d32812819,CVE-2013-3301,HIGH,e49d328128196edd800acabe9279a55a38ee721775745b318548cfe0f538e328
bigvul_transfer,494,bigvul_transfer:494:9ea4c440dc38,CVE-2015-0273,HIGH,9ea4c440dc38d78b99d5f93fa24262429b666aaaded4de0811966bd6daf4c160
bigvul_transfer,495,bigvul_transfer:495:a9a753a667db,CVE-2015-1265,HIGH,a9a753a667dba081b44475d1e86698e2c30618aad807a0d2c7d7b442651f1893
bigvul_transfer,496,bigvul_transfer:496:6f8bca59703b,CVE-2011-2799,HIGH,6f8bca59703b3a4f6f65bd43f788f0d8769f6ab2fc2fcf534b3cf379b6f79550
bigvul_transfer,497,bigvul_transfer:497:f7a4fc5cd17a,CVE-2011-2859,HIGH,f7a4fc5cd17ac451f1a301b87d509a25652af8afb8acb6929652c89f9fcec496
bigvul_transfer,498,bigvul_transfer:498:67af706aee72,CVE-2011-3084,HIGH,67af706aee7200b92b1a09a235c4d9c8faf05cb9cd3527f13897002d569ea523
bigvul_transfer,499,bigvul_transfer:499:18ba3828a43a,CVE-2017-15994,HIGH,18ba3828a43a3b7168ae350b773af8ba57899a81f799ade82f96efd2c7189aed
bigvul_transfer,500,bigvul_transfer:500:1ab9bc4b06e5,CVE-2014-1713,HIGH,1ab9bc4b06e5b0971f608e41a6b70c7c4d4799a83596d60d839d4a8732672af3
bigvul_transfer,501,bigvul_transfer:501:6a8ed557ba4c,CVE-2017-13686,HIGH,6a8ed557ba4c555f45bbc45a78db8d0bea3c528c8beccf31e8dd247893d5cf40
bigvul_transfer,502,bigvul_transfer:502:f535b36feeee,CVE-2015-1294,HIGH,f535b36feeee5772bf133c82655f149da8b57c621b98b0d689da78989cde99da
bigvul_transfer,503,bigvul_transfer:503:9106fec5612f,CVE-2011-2804,HIGH,9106fec5612fc2dc48bb527cab7850cc21666dc78a43a1f7ef0a858b788e096e
bigvul_transfer,504,bigvul_transfer:504:6df5ca635a04,CVE-2017-16931,HIGH,6df5ca635a04ee8b67ecf66331753f82d1d6396738ff916c718eaefce9231be9
bigvul_transfer,505,bigvul_transfer:505:8cec6c291040,CVE-2010-0011,HIGH,8cec6c291040570cd6c7dd84b56f9e689d7764d164436bb0f385d28f3f382710
bigvul_transfer,506,bigvul_transfer:506:9d1605571643,CVE-2019-14463,HIGH,9d16055716438d6a6ebefe045806819c63722f4f558dda799e9b331881b15dfc
bigvul_transfer,507,bigvul_transfer:507:2707c9097e5b,CVE-2016-10030,HIGH,2707c9097e5b7cbe76f3d14837e483565794af298de7bf23880545fa7e3bd18a
bigvul_transfer,508,bigvul_transfer:508:8a953b4a6043,CVE-2013-0904,HIGH,8a953b4a6043fcbd8e8fd4295a2120883be0264afdad0ad42419876abe341033
bigvul_transfer,509,bigvul_transfer:509:b1e494a1a816,CVE-2018-12232,HIGH,b1e494a1a81615ac97158cdee7a395c1288c0197aa1bb3fd720e8d079fe87e5a
bigvul_transfer,510,bigvul_transfer:510:ed50651f5fb4,CVE-2015-1265,HIGH,ed50651f5fb4d20054cef1b52caacbef7448e3eed39c34c1f5e828f5f89cf5d1
bigvul_transfer,511,bigvul_transfer:511:793a58156a5c,CVE-2012-2888,HIGH,793a58156a5c54922d8a5724a289b9f56ee5a9513c81da26252f0b50e94c870b
bigvul_transfer,512,bigvul_transfer:512:d5d2636c1ca5,CVE-2015-2301,HIGH,d5d2636c1ca5686b950bf8e1d593acc75e7fed06f865d6dd2d5234b1e378ac40
bigvul_transfer,513,bigvul_transfer:513:a5a08c06d572,CVE-2011-2793,HIGH,a5a08c06d5725bbf45a66b69764d269776a285e7314fdd8e3d9e4473389d6879
bigvul_transfer,514,bigvul_transfer:514:126c728eb6db,CVE-2015-1215,HIGH,126c728eb6db45be3118da006ac5a5e0a1a00cb3d6d3d07ec1cb616d9e9c47c8
bigvul_transfer,515,bigvul_transfer:515:b65e9eaae743,CVE-2013-0904,HIGH,b65e9eaae743cfa145e73c2f537e70dd6eb3aa594abb9f1179f8d23d0d27efae
bigvul_transfer,516,bigvul_transfer:516:fd27dadc4160,CVE-2013-2857,HIGH,fd27dadc4160e286bc07ff472aa8f8d2815b673f995cdd4bed2ef0923d144a0a
bigvul_transfer,517,bigvul_transfer:517:bc854fe7d40d,CVE-2014-6418,HIGH,bc854fe7d40d57f88dfacaa99eb6fab383ef1d74ab91f56e2444f7c91b85e353
bigvul_transfer,518,bigvul_transfer:518:569fb5015c88,CVE-2013-0839,HIGH,569fb5015c88d8cc0a18b8ee2c30e55ea81e0bd54cf9f73d3e812959eebffba8
bigvul_transfer,519,bigvul_transfer:519:cf805141b7c2,CVE-2015-6775,HIGH,cf805141b7c20b99e8f7778e3225f475ca68bb5747acc988238a4212660c3d5e
bigvul_transfer,520,bigvul_transfer:520:f44cc19a9d92,CVE-2016-2070,HIGH,f44cc19a9d92443ea9a14b7a92eb187837d17a45c51bf42d43f9b4d41d5f4589
bigvul_transfer,521,bigvul_transfer:521:824cf01ceffe,CVE-2013-0884,HIGH,824cf01ceffe8dea24966856c9501583fb2302d09bb835da8e59d03a007880b2
bigvul_transfer,522,bigvul_transfer:522:b6635e4e5639,CVE-2016-0758,HIGH,b6635e4e56392143a53b53b9ef94dd50b6370717109a12e5787cd6d03e10c9dd
bigvul_transfer,523,bigvul_transfer:523:aa16ab44249d,CVE-2016-10133,HIGH,aa16ab44249d698c597d83e82d6374f2af47739eaed747f03d8462aedea6de59
bigvul_transfer,524,bigvul_transfer:524:760c4376b8a9,CVE-2014-1742,HIGH,760c4376b8a90330823c91133244eb9ddd58e426e6b5489f6d655e7cfd530e87
bigvul_transfer,525,bigvul_transfer:525:f43b574d8f2b,CVE-2014-3179,HIGH,f43b574d8f2b116bf7eb284df9165c76dcdd36d7b295e8cdecc58f1720cb2630
bigvul_transfer,526,bigvul_transfer:526:35c85484a651,CVE-2014-1713,HIGH,35c85484a651231eb7f9484676d9648b715f680461179b24bd9892208b5d9c08
bigvul_transfer,527,bigvul_transfer:527:241dacd135f1,CVE-2012-6689,HIGH,241dacd135f1231dcad5c4ba1edf8e7e81fcbcb11cc1e5d45a755c5b77633ffd
bigvul_transfer,528,bigvul_transfer:528:3045e1c666ca,CVE-2016-10764,HIGH,3045e1c666ca0f686317815fb906c16cb48b83baf754ae975330796943cb8a61
bigvul_transfer,529,bigvul_transfer:529:cf781aed3668,CVE-2015-1294,HIGH,cf781aed366865de8b4119df3acf7ae611f12dec27143f66b16eba5444f5a6ca
bigvul_transfer,530,bigvul_transfer:530:c80d3d514a6c,CVE-2017-12187,HIGH,c80d3d514a6cf919beb591790dbaead47ea99bc5ca88173fb2ffccea7a34c4e5
bigvul_transfer,531,bigvul_transfer:531:5ad1956b0514,CVE-2015-6763,HIGH,5ad1956b051471d533119040c9359d86009d005e68f44a4450fe6cc17d8c83e7
bigvul_transfer,532,bigvul_transfer:532:1d368176ce0a,CVE-2015-4036,HIGH,1d368176ce0a2edfd79618c505c8444ad582abdf4704446342a921d581636ebe
bigvul_transfer,533,bigvul_transfer:533:8787d794fb35,CVE-2012-5148,HIGH,8787d794fb35637d5201378d41fbe226f4ef3523b85af59a162f021f499bafb7
bigvul_transfer,534,bigvul_transfer:534:7ee46b4171fd,CVE-2016-10764,HIGH,7ee46b4171fd3507182c3bf4060c26ed173234358864778b92bc8a3f25267892
bigvul_transfer,535,bigvul_transfer:535:52bf73966a2d,CVE-2018-13006,HIGH,52bf73966a2d380a239d844b29ab955250d0b7ceb6cc3bad17e0dc0726146827
bigvul_transfer,536,bigvul_transfer:536:4a61bee433c8,CVE-2015-2301,HIGH,4a61bee433c805726099f929de5f44243d43bf4efa6d0dc7aa6afbb49acf75cd
bigvul_transfer,537,bigvul_transfer:537:5efc68f70e1a,CVE-2011-2799,HIGH,5efc68f70e1a037447c735b454922467e39883e1b0f2ed8c32fbc97b6e16666d
bigvul_transfer,538,bigvul_transfer:538:a0a6674b720a,CVE-2017-15951,HIGH,a0a6674b720a8deba7bcdf209d13264532ec59dbdc77888bd700caba1fd056a8
bigvul_transfer,539,bigvul_transfer:539:a837c5481364,CVE-2017-14170,HIGH,a837c548136426a0af3ee194516c8db36f5fb7f04f729ab3ea9439ebf5a22994
bigvul_transfer,540,bigvul_transfer:540:786f535ae034,CVE-2010-5331,HIGH,786f535ae034a3653dab9670de890fb2111aac29f5929ab7f7c7c0ecf36325a3
bigvul_transfer,541,bigvul_transfer:541:eec5be021438,CVE-2018-20182,HIGH,eec5be02143868736489b22db7b8e762ef1df01b7ce3fe6da3eefc02b91f5ca4
bigvul_transfer,542,bigvul_transfer:542:d160509414df,CVE-2012-0028,HIGH,d160509414df50382af7b03a12a1617f22e8eb4cfdbf40e15137c8b9d6a026ea
bigvul_transfer,543,bigvul_transfer:543:03a725b22ce6,CVE-2013-0886,HIGH,03a725b22ce69d73113696b669b053f17472982a01bebdb8cc21f970cf542d17
bigvul_transfer,544,bigvul_transfer:544:489f70bef144,CVE-2016-4072,HIGH,489f70bef144cc04320f9004b7a39299f87cb04c1ce443ba55eda7d1a252959b
bigvul_transfer,545,bigvul_transfer:545:593d264913db,CVE-2012-2880,HIGH,593d264913db7498f6fa39afb5fa26c6380f6a8dcecc9ce01163957f0a34ed61
bigvul_transfer,546,bigvul_transfer:546:5422d616cbf4,CVE-2017-18379,HIGH,5422d616cbf482df3877edcecde5205c541fc4376971af649993929309860b55
bigvul_transfer,547,bigvul_transfer:547:67be94066ab2,CVE-2011-3053,HIGH,67be94066ab28e2f82662a5d9852f2d264f43e136fee8727117c0f251a42b96a
bigvul_transfer,548,bigvul_transfer:548:c71c83ccc55b,CVE-2014-1743,HIGH,c71c83ccc55b4c18d0851279afd0f3fe980c276ac9d57b60c9796f80d1885517
bigvul_transfer,549,bigvul_transfer:549:4f09db5e319b,CVE-2018-20182,HIGH,4f09db5e319b7fcd900e3b00d78853b028ed079d39d965a91129a66abfab7426
bigvul_transfer,550,bigvul_transfer:550:234d67906ad3,CVE-2011-2829,HIGH,234d67906ad322106a4b0b043cead921676775a865341e861407c790f7388410
bigvul_transfer,551,bigvul_transfer:551:f092a4cd12f0,CVE-2017-0818,HIGH,f092a4cd12f00f2f89255fe7ebf0586e93138cecfcd05a9d6ed4b80904b25dc9
bigvul_transfer,552,bigvul_transfer:552:56664f938ebf,CVE-2013-2867,HIGH,56664f938ebf95cc4293732b1149828ac34a002708c3f4eaf61cc02db2d52989
bigvul_transfer,553,bigvul_transfer:553:59ab56dd2ccf,CVE-2015-6769,HIGH,59ab56dd2ccffca907a9c9656bfd26f421cd2e32454f627bb7fc5bf96abdb349
bigvul_transfer,554,bigvul_transfer:554:1d1adb7c7173,CVE-2016-0809,HIGH,1d1adb7c7173b56c4f0dbf6293ccf9510a32ccb194f1eeb58e41474cb935e6e0
bigvul_transfer,555,bigvul_transfer:555:1fe13436c613,CVE-2013-0910,HIGH,1fe13436c613af725bbf14be5490bff08660e40fb264b97e2fed04b7ea0ac449
bigvul_transfer,556,bigvul_transfer:556:ce974a0d8a6b,CVE-2016-3132,HIGH,ce974a0d8a6bbb0a7e6deb8e253b74319167707005dcf2151ca784baeae0b08d
bigvul_transfer,557,bigvul_transfer:557:2fb3d5186c63,CVE-2016-6250,HIGH,2fb3d5186c63dd4f2435fbe4d04893fb6899b63a3955011ce1eb2c197cd0d7c9
bigvul_transfer,558,bigvul_transfer:558:c2c6fc813bb4,CVE-2014-1713,HIGH,c2c6fc813bb4eaa4b918f52fccdccbd371c91899ea5f5be244ca9f38eb87a981
bigvul_transfer,559,bigvul_transfer:559:683eeb03dffa,CVE-2014-1713,HIGH,683eeb03dffa6afe26d3232b03e893cf7a370717a28bb3cdde1c6619e876973c
bigvul_transfer,560,bigvul_transfer:560:81bc930949ff,CVE-2013-6621,HIGH,81bc930949ffdf01a56fef238ce6a73e02a4c789a98b557371500cd7508c66d7
bigvul_transfer,561,bigvul_transfer:561:d632cb9a41d5,CVE-2017-10663,HIGH,d632cb9a41d5e633af67afbdbd8c7b1af392a47489f28c97c15ff6963aef749c
bigvul_transfer,562,bigvul_transfer:562:ea19eed3ed11,CVE-2017-12588,HIGH,ea19eed3ed117d9ef857659655129b31786edb1806a6abed71a250d9d594bc48
bigvul_transfer,563,bigvul_transfer:563:d8318a51c385,CVE-2011-1296,HIGH,d8318a51c38547d05b5faa58d3f0b74cd51d323e5de5b142710281ba97e09860
bigvul_transfer,564,bigvul_transfer:564:1e466e246048,CVE-2017-17434,HIGH,1e466e2460485d75d3f95ea46f49b1cc139361091025bc8de161303892c4b9c4
bigvul_transfer,565,bigvul_transfer:565:3353a5c185d4,CVE-2016-4303,HIGH,3353a5c185d433f615adcccb35b81634b3359c0d38d072728a056b075a854fef
bigvul_transfer,566,bigvul_transfer:566:af3fce11e26c,CVE-2017-16532,HIGH,af3fce11e26c7cb6283775cb984695c03240dca3d27aa06a5b5645c39575b268
bigvul_transfer,567,bigvul_transfer:567:573733dfbd73,CVE-2017-13686,HIGH,573733dfbd73d8b3e5e51959ce5d3fdd841cafbf0dd23d4b726b1dfbc4405e4d
bigvul_transfer,568,bigvul_transfer:568:f161cba76af4,CVE-2015-4036,HIGH,f161cba76af4f59dca3629323003829db55308fb3ab979318ba1937a039fcb63
bigvul_transfer,569,bigvul_transfer:569:f8fa5235a8e2,CVE-2017-10807,HIGH,f8fa5235a8e293fca1b52a36382d3bc4da134b23a10ff621220fd74db13f444f
bigvul_transfer,570,bigvul_transfer:570:83422bb4006b,CVE-2012-2319,HIGH,83422bb4006b1082c3d8b7b01a3093638e4e27d415e8d225bc780a4366be1ab6
bigvul_transfer,571,bigvul_transfer:571:8481768703dc,CVE-2013-0886,HIGH,8481768703dc921ec2e12ae86bcfd458709383e49eb8de7b5b40e7747d3ae9f7
bigvul_transfer,572,bigvul_transfer:572:f6fad22df438,CVE-2013-0886,HIGH,f6fad22df4381000b64fa9c376d4ccc23b01a6c9e5637dfe4ccb286488232fad
bigvul_transfer,573,bigvul_transfer:573:ffa0adc0404c,CVE-2016-10133,HIGH,ffa0adc0404c24683eb63f468a7684b1f6ee91f85b9630e862e099735ccfdf69
bigvul_transfer,574,bigvul_transfer:574:5c5233f3feab,CVE-2016-7480,HIGH,5c5233f3feabb13ff743572d39ba53461aa278a1bad135a5f65e3067e39aa5c6
bigvul_transfer,575,bigvul_transfer:575:8f114c9a6491,CVE-2011-2350,HIGH,8f114c9a6491ba7eb51ba9defe12959d50d1dec6bfe13be70aeb32780278088f
bigvul_transfer,576,bigvul_transfer:576:fc6d424966b0,CVE-2018-8786,HIGH,fc6d424966b0515e4bdb99b174ffac3949c469fa722981003ae6be24c4148bdd
bigvul_transfer,577,bigvul_transfer:577:6ff18a12d266,CVE-2013-2887,HIGH,6ff18a12d266a5c6f0476d45c90965c4357bc7cc8c55ef688ee485ec62288784
bigvul_transfer,578,bigvul_transfer:578:243bff529507,CVE-2012-2100,HIGH,243bff529507311b861eb71de5a9e7207f3a98506f65618a57c766a5a4494812
bigvul_transfer,579,bigvul_transfer:579:78b1d800e494,CVE-2014-7906,HIGH,78b1d800e494cfac4540d892ba7e7207b157bc2eaa558d215d64187e85f15373
bigvul_transfer,580,bigvul_transfer:580:1c4130ce4ef9,CVE-2015-1265,HIGH,1c4130ce4ef94122c170dbcae2ec32cf0f2d71cc9de724db15c74eabcf9e7a45
bigvul_transfer,581,bigvul_transfer:581:228eb475183a,CVE-2012-2900,HIGH,228eb475183a3b3cdf78e97a92447c016d11988ef27f9c784c0ca9237c994ce8
bigvul_transfer,582,bigvul_transfer:582:b47192ee2d5d,CVE-2012-2816,HIGH,b47192ee2d5d740bcfcb4fe3a76614a4205baa1e1eaf0172bc9039948678d094
bigvul_transfer,583,bigvul_transfer:583:bfc954db8c15,CVE-2015-1344,HIGH,bfc954db8c150ce886d08b5e82170abe29509b61fd5308749002a2751f54a59f
bigvul_transfer,584,bigvul_transfer:584:085b7c8fc74b,CVE-2016-6294,HIGH,085b7c8fc74b54cb26a1e97a1a2242e49d3706c1dc1eff0dc009181144486a8e
bigvul_transfer,585,bigvul_transfer:585:c11e2f639c1f,CVE-2017-8067,HIGH,c11e2f639c1f19b4307a01e586eb4407800f2d868d3255194f6fd9ea814f4683
bigvul_transfer,586,bigvul_transfer:586:20ffc43d51a4,CVE-2018-13006,HIGH,20ffc43d51a4bfd9fa7990a554748101083f4d92d992ceff3356a3450af95000
bigvul_transfer,587,bigvul_transfer:587:7c57eb0331b7,CVE-2018-8787,HIGH,7c57eb0331b79bc34c32bfd0397c7488e733f90e4cda953b5542e8298c67ed67
bigvul_transfer,588,bigvul_transfer:588:77a6cfb192dd,CVE-2016-3751,HIGH,77a6cfb192dd799d7147deb39e0fbba00709ffe173304c2690e7798c3fa7f096
bigvul_transfer,589,bigvul_transfer:589:cdb82d406b7b,CVE-2015-1216,HIGH,cdb82d406b7b94e98ba47ea9645a61ac8f383a0b7665be758dfa9204029794fc
bigvul_transfer,590,bigvul_transfer:590:35907e1c27be,CVE-2012-2816,HIGH,35907e1c27be6e57f62ee3766db0bb6bff551541235e4af7af10193b06c197c2
bigvul_transfer,591,bigvul_transfer:591:f0ec7937b90f,CVE-2013-0925,HIGH,f0ec7937b90f4709afbc4936cb2ed65fd564533dc6ce49034e3e59aa2cdacc6f
bigvul_transfer,592,bigvul_transfer:592:f63e72b0cca2,CVE-2016-2070,HIGH,f63e72b0cca2f7451e9d22d605b4904b52c5480c6cce7262c8d1c504cf1fc6a0
bigvul_transfer,593,bigvul_transfer:593:76bf0d434356,CVE-2013-0920,HIGH,76bf0d434356189d7be96178cd8f67087c53e78ecb2eec085c87580021d16657
bigvul_transfer,594,bigvul_transfer:594:673749e87b8c,CVE-2011-2793,HIGH,673749e87b8c1195a1c0fe5c64db9d6e478fe9e8fcb2e5981f82c282cfb69009
bigvul_transfer,595,bigvul_transfer:595:deb2f9e7da14,CVE-2012-1097,HIGH,deb2f9e7da14d6d012182ad9673a801ce089909d9c529823502988b46a9d2019
bigvul_transfer,596,bigvul_transfer:596:eb24f3dbe442,CVE-2011-2351,HIGH,eb24f3dbe442621622a05b2cff8bcc5aa18c64a34f512eecda362d157a7261b5
bigvul_transfer,597,bigvul_transfer:597:61781c3d4781,CVE-2015-1302,HIGH,61781c3d4781afa0660059ba23e3743c4d8a289d942d77546dd0860ceadf9f33
bigvul_transfer,598,bigvul_transfer:598:40b86e32e022,CVE-2017-2647,HIGH,40b86e32e022bf9ba8cbddbde2e5b87e31f1e80d7ae1b7d8889ee8647df8d241
bigvul_transfer,599,bigvul_transfer:599:9ab50ed9aa29,CVE-2018-16451,HIGH,9ab50ed9aa29d4b40880a351d5334c0b996e1a95049aaa2828fb50b6fd07098c
bigvul_transfer,600,bigvul_transfer:600:65f8b32a6daf,CVE-2013-2094,HIGH,65f8b32a6daf0f916ec598a7e1012e653f3c5ff5058d0ef67865cbb1bd97c84a
bigvul_transfer,601,bigvul_transfer:601:26b6c8135356,CVE-2017-8422,HIGH,26b6c8135356d9887feee39904a3b3279c91bc37064c2624d6a6f1602bcabc23
bigvul_transfer,602,bigvul_transfer:602:d3da7b9598e8,CVE-2016-4951,HIGH,d3da7b9598e8a56e3dde37a0fd74a835728f390d0505a7e3d68c78c6fb207001
bigvul_transfer,603,bigvul_transfer:603:318c6fd62c21,CVE-2016-1583,HIGH,318c6fd62c21972b79b5c4eff7c3842ebb8edaf7d0024e0dfd20514b9103ce60
bigvul_transfer,604,bigvul_transfer:604:f5d39bcb7878,CVE-2016-3074,HIGH,f5d39bcb7878c7cf5ae4b19fb217e907dcefc308310e4857391e4e70de8aa7d3
bigvul_transfer,605,bigvul_transfer:605:3652c9966c6b,CVE-2014-7906,HIGH,3652c9966c6bfbcb91f11da0c020b9b623fa6e57914f49d39fd796f399fa97b6
bigvul_transfer,606,bigvul_transfer:606:2b3b6592fb13,CVE-2013-2862,HIGH,2b3b6592fb13ecb65c7114a0727266bc03bd31ffcf978572378a0f904d194879
bigvul_transfer,607,bigvul_transfer:607:f6bc557383e8,CVE-2013-0886,HIGH,f6bc557383e8d8a2defeb83733f44f6da31363c4a5ef7f6cd73680ea8a14eac1
bigvul_transfer,608,bigvul_transfer:608:600df61cd237,CVE-2013-2902,HIGH,600df61cd23749bdc4cb3e0484bbf9b88439c4d2a948baf4725ffa9dce245c1d
bigvul_transfer,609,bigvul_transfer:609:f26e8eac1555,CVE-2011-2804,HIGH,f26e8eac1555d2a9ce75b79491e9a1cc62d2d2c110e229f2351e7b57b1e8518c
bigvul_transfer,610,bigvul_transfer:610:2ef593ded45b,CVE-2017-6001,HIGH,2ef593ded45b33dda786ff608cdd5006ce2e07a7dab3da11528d996530530980
bigvul_transfer,611,bigvul_transfer:611:5c7a0a4230a5,CVE-2011-2830,HIGH,5c7a0a4230a5c2a9a898e7b11c5f91a1fd64d94b139da35df1bdb0310db25945
bigvul_transfer,612,bigvul_transfer:612:280252482cd8,CVE-2015-1213,HIGH,280252482cd8390ec728ae793c0e6faecf2012479450a22e309e30bee003130b
bigvul_transfer,613,bigvul_transfer:613:986d81464b80,CVE-2011-2829,HIGH,986d81464b800202f6f2512ec2f4b3d34710b9adb67994f97cf7c8236113085e
bigvul_transfer,614,bigvul_transfer:614:4ddb2ad23b40,CVE-2015-8816,HIGH,4ddb2ad23b40594f743fc85c3530551d81951cd352a81baffb7139e787d0146f
bigvul_transfer,615,bigvul_transfer:615:918756ab3b12,CVE-2018-10675,HIGH,918756ab3b1208c1ee25a5a9cb6ea55476a9fecb2e1953b329735a3cdf4f4101
bigvul_transfer,616,bigvul_transfer:616:68b860f25d0f,CVE-2011-2799,HIGH,68b860f25d0fd8e12a97ce1d34ad1cf473ac3ec8e1a4f9eabcb9afaac0214393
bigvul_transfer,617,bigvul_transfer:617:f8fa9feacd2e,CVE-2013-4587,HIGH,f8fa9feacd2ef2a8dc44c47ac1bdc8134932a063f9e4c8d5dbbefa9675321ef6
bigvul_transfer,618,bigvul_transfer:618:87e812f84416,CVE-2017-12187,HIGH,87e812f84416e5cfbd753f0f03fcdb2dcce4d0336f786e4832832148e7b46153
bigvul_transfer,619,bigvul_transfer:619:cab1af534216,CVE-2018-13006,HIGH,cab1af534216f9e0298ff7a81f06e91c737b51d668af625da412991f2aa65434
bigvul_transfer,620,bigvul_transfer:620:42a5f1e93930,CVE-2012-2880,HIGH,42a5f1e93930bd9cb998c67690940e3470d008dde384e792508b2161c79f2e23
bigvul_transfer,621,bigvul_transfer:621:2b4894419407,CVE-2011-2839,HIGH,2b489441940741d4f55273e62a94679870daeeb4634b8d501f6cc9fcdb968e5f
bigvul_transfer,622,bigvul_transfer:622:db86bfb30df4,CVE-2016-7127,HIGH,db86bfb30df4342335438bab40366717c679994b1487f32753e179b8614193fe
bigvul_transfer,623,bigvul_transfer:623:edba2cfb7af8,CVE-2013-2902,HIGH,edba2cfb7af8da6b997013b5a3ff1780137444364b01d7a8def94e048dddf1db
bigvul_transfer,624,bigvul_transfer:624:5e3c5990588e,CVE-2013-2904,HIGH,5e3c5990588e00d9be7efb42b0ba3db9754c8d0fd011fb08bb7cbf7d90e4b785
bigvul_transfer,625,bigvul_transfer:625:8b50c6f0d541,CVE-2012-0207,HIGH,8b50c6f0d541460bc2984fe92b7c516f51cc02066f91e61a60a7503b8d6ec568
bigvul_transfer,626,bigvul_transfer:626:ed56ec17a156,CVE-2014-7840,HIGH,ed56ec17a156aeee6e94f9f027775ed5086953f92032b99298f15b73f4e5bd24
bigvul_transfer,627,bigvul_transfer:627:8240549dcdf7,CVE-2016-9317,HIGH,8240549dcdf71dbff4db1761856ac679e803920f3a6e1c67ee60654ef7c90482
bigvul_transfer,628,bigvul_transfer:628:176cfcb924b3,CVE-2018-20815,HIGH,176cfcb924b3b85fd4eefedde0026e6c8fa9fc7640451e8216059775888a4f55
bigvul_transfer,629,bigvul_transfer:629:07cc4447a36a,CVE-2012-2816,HIGH,07cc4447a36af3b795ca79edecc05733fffc7d220ceab38aead843890326dd3e
bigvul_transfer,630,bigvul_transfer:630:cd31a4b4dfae,CVE-2016-3745,HIGH,cd31a4b4dfae5c1e2946df272e5541a160825655b8d95695ace4e683a2e154fb
bigvul_transfer,631,bigvul_transfer:631:414af0b51be7,CVE-2016-3821,HIGH,414af0b51be71dcee7ed9de56aa3aadbfa565c71ed481cea3265b7958d303fbf
bigvul_transfer,632,bigvul_transfer:632:c0263a5145e5,CVE-2015-8126,HIGH,c0263a5145e53e63ce15139bb10e9cfda434660a5c81ce041a3a40b5e35b0159
bigvul_transfer,633,bigvul_transfer:633:6882d5b7d77b,CVE-2017-14222,HIGH,6882d5b7d77b81a5e2dcf17540f21be9e21e2747fcd51116143cb2e68c6a099b
bigvul_transfer,634,bigvul_transfer:634:02ed8fe48b58,CVE-2011-3927,HIGH,02ed8fe48b58044d38fad946e8463145fce55b8e299798b38bcd5373a429edba
bigvul_transfer,635,bigvul_transfer:635:4c7d6c90da63,CVE-2011-3896,HIGH,4c7d6c90da636be7b4fd37d7b64a059edcb1b1d5c03d0a9495bb26cd6e77111c
bigvul_transfer,636,bigvul_transfer:636:559538e8f7c1,CVE-2013-2094,HIGH,559538e8f7c1e88cd3d3a9eddef683783e26bb371c4275a9548607b3657931bf
bigvul_transfer,637,bigvul_transfer:637:2219caaf576e,CVE-2014-3167,HIGH,2219caaf576e6ea78093929ae9318aa24026ba3b11d23f1163874d7ca56d2acf
bigvul_transfer,638,bigvul_transfer:638:ea883809d1f7,CVE-2013-0904,HIGH,ea883809d1f70a433b5b6e48a3ccdacb4d7c461136634fe72a06af74adc81807
bigvul_transfer,639,bigvul_transfer:639:97b60605622b,CVE-2011-3109,HIGH,97b60605622ba22f1d8a2a2a2b116e3f81fb3bd892cd3cfff74b561cb5b3e1f4
bigvul_transfer,640,bigvul_transfer:640:5c1ff3453841,CVE-2015-6773,HIGH,5c1ff34538410cb7a5d9d3af7d58ea4f6bfe2ebdba0f0b8239a3a01b574af0d3
bigvul_transfer,641,bigvul_transfer:641:e56c0e545017,CVE-2016-10009,HIGH,e56c0e54501757ad541f7784c8f6a83e974ae169698b0734e6b710ce9f7d47a3
bigvul_transfer,642,bigvul_transfer:642:c003b3af867f,CVE-2016-8666,HIGH,c003b3af867f90ad9fb00453537d6eb8e49e99845c6cec7112e3aae6e8e4f5ad
bigvul_transfer,643,bigvul_transfer:643:070c238ce101,CVE-2015-1213,HIGH,070c238ce1013e236d06b6bdddb497d565d62583c3eab02c4211fe622c8e7a81
bigvul_transfer,644,bigvul_transfer:644:bbed122a6845,CVE-2014-0101,HIGH,bbed122a6845d8041bde19dbaddcc66898921acf36b2c4e4746c6a3d18b67759
bigvul_transfer,645,bigvul_transfer:645:943c12793b0a,CVE-2014-1715,HIGH,943c12793b0a9f228b5b0728bf1f52682a982cd06e48443b22d90a6e0ae5ff2b
bigvul_transfer,646,bigvul_transfer:646:8524f7b99efc,CVE-2018-13006,HIGH,8524f7b99efc137126fcd0f3ce732b627227d11cba3a9bc139e33144e149f0e6
bigvul_transfer,647,bigvul_transfer:647:1da622b60bcc,CVE-2017-7866,HIGH,1da622b60bcc2f1b0625da02c7cce99719830b3cf43f5c44ebba0981367298f9
bigvul_transfer,648,bigvul_transfer:648:ece64dbdce5e,CVE-2018-20843,HIGH,ece64dbdce5e0e02387bc1d51d8d4bd761842a50280108171c994a46e794b22b
bigvul_transfer,649,bigvul_transfer:649:14e8d208181a,CVE-2014-9426,HIGH,14e8d208181af6fe43e31be763f059a41f7f666e85739f670834adadf0cd36f8
bigvul_transfer,650,bigvul_transfer:650:8f3d9a786e60,CVE-2014-7903,HIGH,8f3d9a786e609176d4b03f1908021a03504f8a4dfd541191450d5fe83e977415
bigvul_transfer,651,bigvul_transfer:651:ebc8318c7463,CVE-2016-3751,HIGH,ebc8318c7463d1f5de6cd52dafbac541d077f3f9ef2e8520b5c6d0980814ebde
bigvul_transfer,652,bigvul_transfer:652:dd08f6a7d6ba,CVE-2012-5148,HIGH,dd08f6a7d6ba92a0fa89091560b2ced7760f4d96dc68366d98bc66d8a759ce03
bigvul_transfer,653,bigvul_transfer:653:6c68c91ebb29,CVE-2017-8070,HIGH,6c68c91ebb29c58c37b72c5f27270dda93bfba1a6293fae7d770488c0fab0a58
bigvul_transfer,654,bigvul_transfer:654:fa916b08e7e2,CVE-2012-2880,HIGH,fa916b08e7e2c9c2278cfcf7bd4da100faddaadbbc556f7f466f1f14a7069552
bigvul_transfer,655,bigvul_transfer:655:4ef7e3d2313b,CVE-2011-3105,HIGH,4ef7e3d2313bfe60cdf50b8f6c2761261443341ff1895316c64ba7e2f1b7bc2c
bigvul_transfer,656,bigvul_transfer:656:e3f2d51d744e,CVE-2011-2839,HIGH,e3f2d51d744e1ca8bd6620dd8f114374105136879002d9ecde3561a22d0954f2
bigvul_transfer,657,bigvul_transfer:657:088690ab8bdb,CVE-2016-5146,HIGH,088690ab8bdbfead2e9f80f1262b70964c0394cea728f203fdddf25a87797bf6
bigvul_transfer,658,bigvul_transfer:658:03cb778e40ea,CVE-2015-0274,HIGH,03cb778e40ea23a0bd43575c604ab7ce84a4a8fe6e139f2dbd607b689e8c333f
bigvul_transfer,659,bigvul_transfer:659:a5d0a8d99a31,CVE-2013-3301,HIGH,a5d0a8d99a319c7454d0fcad2eacc0c185b0cab91cbbf530d315c871adcae698
bigvul_transfer,660,bigvul_transfer:660:95a20be6e6e7,CVE-2013-2910,HIGH,95a20be6e6e7c78dfe82a00db1ad0c23568b362dc12c0e74298de68985d3e4f8
bigvul_transfer,661,bigvul_transfer:661:be3e350812fc,CVE-2013-6661,HIGH,be3e350812fc295eb907737f203707bfe163b28984f2a271e87d248590f60afa
bigvul_transfer,662,bigvul_transfer:662:6c2580c199e2,CVE-2017-18079,HIGH,6c2580c199e2074c66f9f5f3c5958980a47e15f3a2fc28d8ee5c40af16b1c873
bigvul_transfer,663,bigvul_transfer:663:57cc411acbbb,CVE-2014-7906,HIGH,57cc411acbbbb0b06045909815293d4ba9661940c28dd2019b7ed5f75386e712
bigvul_transfer,664,bigvul_transfer:664:8c6eaeb1e809,CVE-2013-0886,HIGH,8c6eaeb1e80955aeb67aff4507b967af3efc34510d2bd90c9fd38a6871397944
bigvul_transfer,665,bigvul_transfer:665:9c83c8a396af,CVE-2010-0011,HIGH,9c83c8a396af728326027a0574dc8776a4af3fff055fce24fa628098668839c6
bigvul_transfer,666,bigvul_transfer:666:5527c8b09aec,CVE-2015-1221,HIGH,5527c8b09aecbd59717b2df713256d8f8596155da4837f5bbfce61097a16c957
bigvul_transfer,667,bigvul_transfer:667:b626009ed665,CVE-2016-4557,HIGH,b626009ed665a14617ec1c27984cab9cc53d76ce8b011357132e74d9c458c530
bigvul_transfer,668,bigvul_transfer:668:639d6c195737,CVE-2017-18218,HIGH,639d6c19573773242bc682342e0e397aed0ff3693a159e1273aa95f8ded86506
bigvul_transfer,669,bigvul_transfer:669:ce643a951b85,CVE-2014-3154,HIGH,ce643a951b85201e6892bdfeb765b8700955bdfc6e75203db9c489ce28d42c2b
bigvul_transfer,670,bigvul_transfer:670:56261255149a,CVE-2011-2517,HIGH,56261255149a1b6df3531fcdda04be72d2efce1d4066022d22a45f6e62275b23
bigvul_transfer,671,bigvul_transfer:671:617518c9a0de,CVE-2014-1700,HIGH,617518c9a0de5099ef3bafe4dadd016e9ae6377b1a889d08810844a7bddd61ab
bigvul_transfer,672,bigvul_transfer:672:641872d55aae,CVE-2013-6621,HIGH,641872d55aaea9ded31c1041f27419790b3b2edd3839fc13b5d86e3ccc9cb0fa
bigvul_transfer,673,bigvul_transfer:673:28443b91f733,CVE-2016-4539,HIGH,28443b91f73321b2f768be0897a92714e670e227d8890cdd322d817dff66487c
bigvul_transfer,674,bigvul_transfer:674:2e02d4201a98,CVE-2018-13006,HIGH,2e02d4201a98baf27e81ae615ae3cc0afd6e2006f903fc0dd2c2879dd360da7b
bigvul_transfer,675,bigvul_transfer:675:700dbcbff121,CVE-2014-3194,HIGH,700dbcbff121bac347dbc8d7c9959c3a743d4bda316f83f28b77aef8437cdce0
bigvul_transfer,676,bigvul_transfer:676:669303625561,CVE-2011-3105,HIGH,669303625561f12787462e367e4715d78f22185a63c9c96625425fe989e38205
bigvul_transfer,677,bigvul_transfer:677:2e2761039916,CVE-2013-0886,HIGH,2e2761039916fc60ea8ea6b0b37a46686b190cd9915af5da5f73473aa8fe9264
bigvul_transfer,678,bigvul_transfer:678:4839c2b9c93c,CVE-2016-7568,HIGH,4839c2b9c93c1cf6acbd8499202b52f04bba13b0c052ba6c8ec7bf29de55e025
bigvul_transfer,679,bigvul_transfer:679:aaea771863ad,CVE-2016-9793,HIGH,aaea771863adce898c6ff96c05c36094af6b334435076f3dbc121e32ff3aca39
bigvul_transfer,680,bigvul_transfer:680:d34012493df5,CVE-2016-5146,HIGH,d34012493df58898b1214169695cb04bdbc599940e325379ad16f75d69a8371f
bigvul_transfer,681,bigvul_transfer:681:8793349b8d3e,CVE-2015-6768,HIGH,8793349b8d3ee402e1b75fb81d2df92e152dd27ef22f00d4a70c9535c308eb54
bigvul_transfer,682,bigvul_transfer:682:6b1e40395006,CVE-2015-6772,HIGH,6b1e40395006568f67c568e58f1eed57023ad0d6c2a7552603523378ed6e41cc
bigvul_transfer,683,bigvul_transfer:683:7abf9f1a2e91,CVE-2019-14463,HIGH,7abf9f1a2e91079ecdf82ce9d25c82189207af57180f2874c180c7b12adccd6e
bigvul_transfer,684,bigvul_transfer:684:19caf330a869,CVE-2018-20182,HIGH,19caf330a8698e7fc521dc80a86af2053b1e76756987f867f745890d9644ed2e
bigvul_transfer,685,bigvul_transfer:685:b33cab0d7def,CVE-2017-14222,HIGH,b33cab0d7defa0c059ec5cfd66c86778be6c6756c5bb459a1fa8ddecdb9d1ca6
bigvul_transfer,686,bigvul_transfer:686:2dd8a8fe7281,CVE-2012-2896,HIGH,2dd8a8fe7281c9b7874d834e9ae74cc133b59f8d9f7ab7cbd0a573018ec53fa5
bigvul_transfer,687,bigvul_transfer:687:238c727bcb2f,CVE-2015-8963,HIGH,238c727bcb2f15fd06f3f5f5ef142bc914333a01307e46e013430edcbf6265a4
bigvul_transfer,688,bigvul_transfer:688:cf5d10058621,CVE-2015-1213,HIGH,cf5d100586214f118131af027088bd43b22b20d3df472282e96240a5b64bfbf1
bigvul_transfer,689,bigvul_transfer:689:c3631174ac15,CVE-2013-0904,HIGH,c3631174ac15dbababe41d0bdce65948148ad9d25f35301cdd2f3aec9aa9da81
bigvul_transfer,690,bigvul_transfer:690:adbf974d3872,CVE-2016-6304,HIGH,adbf974d3872857a65dd3d56e896b2111bf23f101233546de11ef28d51733f8a
bigvul_transfer,691,bigvul_transfer:691:dccd9766c304,CVE-2016-4544,HIGH,dccd9766c304dd5c14bc24b85b9c6644a624223bd7301de9fa994bda8c5bf9dc
bigvul_transfer,692,bigvul_transfer:692:baf7942b25be,CVE-2013-2871,HIGH,baf7942b25beb022c5690fc10991d4b309109f2e0f569f1e2846a21e1c77b8e5
bigvul_transfer,693,bigvul_transfer:693:c97a39f11407,CVE-2018-13006,HIGH,c97a39f114073dc83872ec6d7b16926544e568fa614328f323abf04f0df2715a
bigvul_transfer,694,bigvul_transfer:694:3fa59d37d0a3,CVE-2014-7822,HIGH,3fa59d37d0a343af96fcac79ec06546cbe54921feb847387a13a7c858ebd092c
bigvul_transfer,695,bigvul_transfer:695:091007f87f5c,CVE-2013-2884,HIGH,091007f87f5cbf148a5c21ad0b5c123c25885f07218a0e69a533c8b4daa02fdc
bigvul_transfer,696,bigvul_transfer:696:5bd820e00331,CVE-2015-6763,HIGH,5bd820e00331ba04af95dc6a450c69fc23712d4d9dc9485b651feae5ad880789
bigvul_transfer,697,bigvul_transfer:697:ff26c9b77dfe,CVE-2013-0910,HIGH,ff26c9b77dfeaf1f15e3453714ac15b0e33b331701101e36fe497555c12ad119
bigvul_transfer,698,bigvul_transfer:698:e4978ebca9ff,CVE-2014-1710,HIGH,e4978ebca9ff55cf1a7cdfb2b315945aadfcbbd7f595bbc3228e840b306f11d8
bigvul_transfer,699,bigvul_transfer:699:0f9e4f52e924,CVE-2017-6542,HIGH,0f9e4f52e9240621af3ddbca7e6a1a818ab053c2b3965ffe8a0f812909506a00
bigvul_transfer,700,bigvul_transfer:700:9ad7767adbf5,CVE-2011-2789,HIGH,9ad7767adbf5335cb1b9c336e70d86d7f1ab6557802f56763f9ab247467606e3
bigvul_transfer,701,bigvul_transfer:701:631052ac3148,CVE-2011-3084,HIGH,631052ac314841f11c42411493dcbdfdbd82f88c62c62c2ab3a043268c521298
bigvul_transfer,702,bigvul_transfer:702:60b3390ddcf7,CVE-2015-1214,HIGH,60b3390ddcf7c2b17eb2306401c142e1e4244bd441cc82b5a607ac6bfdf2cbdc
bigvul_transfer,703,bigvul_transfer:703:ded2f98e631f,CVE-2011-2859,HIGH,ded2f98e631ff3605c5fbdb04d9888dfa432bd0de954a606d4003c1336f947b5
bigvul_transfer,704,bigvul_transfer:704:c7e9fe54ccf1,CVE-2014-3645,LOW,c7e9fe54ccf1232ee3f7cb0e3604c4795a04e085fa742135e8419583f98588e2
bigvul_transfer,705,bigvul_transfer:705:8cf6dc4361ec,CVE-2016-2538,LOW,8cf6dc4361ec70d3b7baa5253551e2a5ee61a823510da19b336af8960ce480eb
bigvul_transfer,706,bigvul_transfer:706:fa563cda53bb,CVE-2018-16427,LOW,fa563cda53bb94ff9a252afc4c0dbea4a371c15cd7b6495809c7d9ff478388d8
bigvul_transfer,707,bigvul_transfer:707:cce975c164ad,CVE-2018-16427,LOW,cce975c164ade9bf2b8b84c5731113d58fb0834a3e90d596e24d23fe1f722a54
bigvul_transfer,708,bigvul_transfer:708:2217c960c47f,CVE-2017-12154,LOW,2217c960c47f7dabc4d3df7dba2a3db70bb4c3ef06074d471a4c4cd0c78a3784
bigvul_transfer,709,bigvul_transfer:709:27a7a3a6570a,CVE-2018-6096,LOW,27a7a3a6570a55fccc2bd6d836d5e82206d8188fe12fd3b3572275b22713be24
bigvul_transfer,710,bigvul_transfer:710:df3946a3d27a,CVE-2015-3400,LOW,df3946a3d27ad577805dfd74578951c5444bc64b08a024c05d59ce4210f77886
bigvul_transfer,711,bigvul_transfer:711:82461c2f4ff8,CVE-2014-9731,LOW,82461c2f4ff89febeb57788ba16fb55b2513afda7bd71a077c576f2dc44ba251
bigvul_transfer,712,bigvul_transfer:712:7d5bbbf29a83,CVE-2016-5337,LOW,7d5bbbf29a83f7ca356505ea31f245ac0fba483f2c6a3511bd3f20d4e2fefb48
bigvul_transfer,713,bigvul_transfer:713:770d16cc4362,CVE-2017-9330,LOW,770d16cc436259fd7b9348b6762ce95ce3731a469184b15b7f5e7823f4eb43e4
bigvul_transfer,714,bigvul_transfer:714:8098f00e5e19,CVE-2012-3520,LOW,8098f00e5e197c10074cf9e4df5c7a7d74e3953f69d819d25ca5582820433843
bigvul_transfer,715,bigvul_transfer:715:ad5c4733763c,CVE-2013-2140,LOW,ad5c4733763c5f9bb4ed7e29c9d88eaf3a72364fa474d85be1739d0df1cbd13d
bigvul_transfer,716,bigvul_transfer:716:922f507e0fb0,CVE-2018-18358,LOW,922f507e0fb00a24c960abab7e55dbb2bc98243dc53568044566c0cb23329989
bigvul_transfer,717,bigvul_transfer:717:dff486d32b3e,CVE-2016-2085,LOW,dff486d32b3eec2ede3b1af293e7d1dd0bd0827aee41dbfc9656e891d5f7b4eb
bigvul_transfer,718,bigvul_transfer:718:c543b747d92d,CVE-2014-9644,LOW,c543b747d92d0463d42e0806ae492cba6abcb41be3cd113ecce5d13a07b0f18e
bigvul_transfer,719,bigvul_transfer:719:73c492e3777f,CVE-2016-7995,LOW,73c492e3777fadd38142e5faf3b1df245612621fb99eafc2abb38790d20aa0e8
bigvul_transfer,720,bigvul_transfer:720:397e269690f2,CVE-2017-18203,LOW,397e269690f238d70e7078418206c66ccf2035fdb30f66dbb64f41b1e075cd26
bigvul_transfer,721,bigvul_transfer:721:0a47b3c404fd,CVE-2018-6127,LOW,0a47b3c404fde3bf7d440ba941a890bb1a7ecc80e3af64d8ef9e2eefdd83fede
bigvul_transfer,722,bigvul_transfer:722:f6e11a3c67f4,CVE-2015-8374,LOW,f6e11a3c67f4d7d1a091bd8f26aeff1ce608781ca18c5d101aecc9327cbc412e
bigvul_transfer,723,bigvul_transfer:723:257a26690633,CVE-2014-9644,LOW,257a266906337b536674dc812b4699c965670b119864509f98a5354e20298e51
bigvul_transfer,724,bigvul_transfer:724:746988d1220e,CVE-2011-1019,LOW,746988d1220e74d4170418d7722365be92d0fa6e1a1e4fb2af80bf74dd291992
bigvul_transfer,725,bigvul_transfer:725:9e3e338771fa,CVE-2016-7157,LOW,9e3e338771fad8352fab95a0062279d37243d0e707424304f4dd93cef03e718c
bigvul_transfer,726,bigvul_transfer:726:37a319c03e64,CVE-2011-2495,LOW,37a319c03e645b2b0fe1f4c76164d84a3b7d8145384d59bc87c5261e78506f6c
bigvul_transfer,727,bigvul_transfer:727:46d2cd6d6ff8,CVE-2018-20217,LOW,46d2cd6d6ff81c4a9ed3579a15dd41ecfe71b707a53671a1e2f084d5c00f3199
bigvul_transfer,728,bigvul_transfer:728:b62a1c81d797,CVE-2017-5061,LOW,b62a1c81d7974c4cd62ef70b6d634f004e015e7e0f933f8dfc0006d287d5a192
bigvul_transfer,729,bigvul_transfer:729:594963c05dfb,CVE-2017-9330,LOW,594963c05dfba86012d23607e33411be0cb247d41ec4b8de9de91bd82ce3e424
bigvul_transfer,730,bigvul_transfer:730:012f6aa5d5ba,CVE-2018-6096,LOW,012f6aa5d5ba004153e53b1b91abbe51820d909edaeaa7dca2666c5b962d33da
bigvul_transfer,731,bigvul_transfer:731:d855b402a959,CVE-2012-3520,LOW,d855b402a959f698974479df354ae4a1b389b7f280e021452c98112509117ba3
bigvul_transfer,732,bigvul_transfer:732:63d35b9eb2e1,CVE-2018-16427,LOW,63d35b9eb2e163792b08f13439c2f3a168e973a63647829ddde0326421582fd9
bigvul_transfer,733,bigvul_transfer:733:2c52e6780a42,CVE-2015-3885,MEDIUM,2c52e6780a42d04af7e7b6b8477bff6b308608593a8b3e16deaff9073625b2d5
bigvul_transfer,734,bigvul_transfer:734:3d6706ee8c04,CVE-2013-4220,MEDIUM,3d6706ee8c041dcfa1f5bed83f5380eb97c4de9499d8eb656a9b2fbd74a0a93d
bigvul_transfer,735,bigvul_transfer:735:94f79207551a,CVE-2018-6144,MEDIUM,94f79207551ad301c464a5f4871c853b79f895ecf6ad33eacbf707dbab1fbd5a
bigvul_transfer,736,bigvul_transfer:736:2d2129a6cda8,CVE-2016-5187,MEDIUM,2d2129a6cda8e7275e5d338c358cf8c0e87f2d5e5f89a3bcee49fc7d483dbddd
bigvul_transfer,737,bigvul_transfer:737:ddbd993d5f4e,CVE-2017-5032,MEDIUM,ddbd993d5f4ef824f5111963da8e7b566af79ba9ebc5a2e13e64ce1a7e8b2c10
bigvul_transfer,738,bigvul_transfer:738:ac91b0c23337,CVE-2011-4621,MEDIUM,ac91b0c233376558d30d751220202f7012cd5043ab95b27b851ee94a649eba1d
bigvul_transfer,739,bigvul_transfer:739:5d436ebbda98,CVE-2013-6635,MEDIUM,5d436ebbda98219965aba2338cda22b84551cd2d6c54a1c8ba389e649b19d8a5
bigvul_transfer,740,bigvul_transfer:740:70fb9039f369,CVE-2011-2840,MEDIUM,70fb9039f369afed22565149b4841b6012feca9fe5709c9c9210359b7a6da470
bigvul_transfer,741,bigvul_transfer:741:a30244d62dad,CVE-2009-3605,MEDIUM,a30244d62dad2a6f8c37b345922b1bd4f514b64531ee93910e3985bf0499006b
bigvul_transfer,742,bigvul_transfer:742:a7dfbf997f0f,CVE-2018-16073,MEDIUM,a7dfbf997f0f6f3599e26936e5ebcb342d1ff1c726d0de7687225220e69ec534
bigvul_transfer,743,bigvul_transfer:743:b7e57eab9389,CVE-2018-20856,MEDIUM,b7e57eab9389371dcf5f56cb7517de80a2de7228fd7b1915543bc917a183e336
bigvul_transfer,744,bigvul_transfer:744:ca3e7f94f8b8,CVE-2011-2861,MEDIUM,ca3e7f94f8b83728821daed5cc2bcaff555221fc1c355bb129dc1a574269612c
bigvul_transfer,745,bigvul_transfer:745:91dc6e6902ee,CVE-2016-5219,MEDIUM,91dc6e6902eeb2a78bc9d36571d7ef10186e3e6b0a7ed92d9c7025ed84add5fc
bigvul_transfer,746,bigvul_transfer:746:1d1185a8eb0d,CVE-2018-1000040,MEDIUM,1d1185a8eb0d3804a4f1670bbf461a924f1824c4499432e889dfeed880041924
bigvul_transfer,747,bigvul_transfer:747:beb7016f23d2,CVE-2013-6622,MEDIUM,beb7016f23d2cac06dfbb63f108bbe0006a59712664620d079b22bb618d09d9b
bigvul_transfer,748,bigvul_transfer:748:cad7eb9bd4b3,CVE-2011-2861,MEDIUM,cad7eb9bd4b33f539abcfff931ac9c907e3668bd083ed3e7bf31cb0423d6a6ff
bigvul_transfer,749,bigvul_transfer:749:94c7572253e9,CVE-2011-2358,MEDIUM,94c7572253e943ec89866008cd22bca24bee91fe595baf92ba188922cacde192
bigvul_transfer,750,bigvul_transfer:750:cc7709cc7ccf,CVE-2012-2375,MEDIUM,cc7709cc7ccf00d6eb37df9e7e75337227f3228338f875bfae74940e449cc410
bigvul_transfer,751,bigvul_transfer:751:b1f5a5cc5ef4,CVE-2011-2784,MEDIUM,b1f5a5cc5ef40bbd47c396b5a630db29208c2cecd96dd51bc552a49d9658aaf2
bigvul_transfer,752,bigvul_transfer:752:3fa3a56c05dc,CVE-2016-5728,MEDIUM,3fa3a56c05dc02b28054f64321da4608c277091ec7db6eec3acaaecf1a55c689
bigvul_transfer,753,bigvul_transfer:753:a105bab138ec,CVE-2019-13454,MEDIUM,a105bab138ec5555801e94d770315fb5f8b00c09d63aca56ea72fcb17bbc1336
bigvul_transfer,754,bigvul_transfer:754:1c73462bd006,CVE-2013-3228,MEDIUM,1c73462bd006783185027cea9423bdf75657cb9c11a9b05f3499f561f19f2999
bigvul_transfer,755,bigvul_transfer:755:73163974bbaf,CVE-2018-11380,MEDIUM,73163974bbaf32cc9f54376c5d70a45c3e2a71f76f6be05bcd7a76737d303bba
bigvul_transfer,756,bigvul_transfer:756:8e269d195b05,CVE-2017-5118,MEDIUM,8e269d195b05b8a498aec172f0534f42963db2d7e19d5ab887a7eabbc27e7ec4
bigvul_transfer,757,bigvul_transfer:757:a9bd4ac2954f,CVE-2016-10249,MEDIUM,a9bd4ac2954f3b2ef4ad4e25d8ae1a98b6a390300195f38eb3f0b3a1437bda64
bigvul_transfer,758,bigvul_transfer:758:cd8470d0d974,CVE-2015-0253,MEDIUM,cd8470d0d97462ce7824e68d8e4b0f84fceca0e31517368de4944b8ad12d0c9f
bigvul_transfer,759,bigvul_transfer:759:a857c0794ed5,CVE-2018-6111,MEDIUM,a857c0794ed53c5c2fac21454305523e19c2147330968c642b7c944a4867ee3d
bigvul_transfer,760,bigvul_transfer:760:cbddbb8812d9,CVE-2017-7586,MEDIUM,cbddbb8812d91f0a59db14d1c02f024a81ed1f853c219828863abba185837d78
bigvul_transfer,761,bigvul_transfer:761:b985dc5be969,CVE-2017-14058,MEDIUM,b985dc5be96977b77d870bd2489023e4aafd87a1f104398014d15e5cf1fdfdeb
bigvul_transfer,762,bigvul_transfer:762:e2a22ef4bb31,CVE-2016-3062,MEDIUM,e2a22ef4bb31ddcfe34f13378bf9494f78307d7d070308770e4533b87909c43b
bigvul_transfer,763,bigvul_transfer:763:747b85f91c8a,CVE-2017-5330,MEDIUM,747b85f91c8a31538ef7d7f2261c1bd224810485db6b85e5520acd2af84ded96
bigvul_transfer,764,bigvul_transfer:764:10de25ac84f6,CVE-2018-20856,MEDIUM,10de25ac84f65154dec6111bef8f3af77cff96892dabd01efeb6e47c824de588
bigvul_transfer,765,bigvul_transfer:765:f948ebb03f57,CVE-2015-3185,MEDIUM,f948ebb03f579bfb91945783bc03c97b745366b9640575b9aa217bcc8e3ff0a0
bigvul_transfer,766,bigvul_transfer:766:6f5b005f525c,CVE-2013-7018,MEDIUM,6f5b005f525cce0583dc619543c7b6700063d05c62c46b075839e87f6a01dc23
bigvul_transfer,767,bigvul_transfer:767:37cbe85b814d,CVE-2016-5842,MEDIUM,37cbe85b814dfaf5c2970fbfdc7a6b016cbe9ca9a392f2ff9af27814252c37b4
bigvul_transfer,768,bigvul_transfer:768:09ad618aaa84,CVE-2017-0603,MEDIUM,09ad618aaa84bf9bdb1d1a9c9fd869fb4b23777924b723ddb6d967cba26ae113
bigvul_transfer,769,bigvul_transfer:769:0f752d94304a,CVE-2015-1300,MEDIUM,0f752d94304a04014ca9976e34073397b3eb8508d0c2641b0d37e892e667e244
bigvul_transfer,770,bigvul_transfer:770:aaa1b0c33f2a,CVE-2012-5136,MEDIUM,aaa1b0c33f2a613ab8cccc461815fc770e6569dd5622d0ad5bbc64235d4a8f01
bigvul_transfer,771,bigvul_transfer:771:a019ca6b86d2,CVE-2018-1000039,MEDIUM,a019ca6b86d2643b9efdf7beadcee593efc14ccef7f44a0b0912a8b45730f912
bigvul_transfer,772,bigvul_transfer:772:5db7575c0e3a,CVE-2018-6031,MEDIUM,5db7575c0e3af3ac26f68edd2820534ae0d93639dc21591ce8af7dd0d9f8053e
bigvul_transfer,773,bigvul_transfer:773:a8213fb6505c,CVE-2017-9798,MEDIUM,a8213fb6505c38d2dc9bc77163679204f026cdd05fadddac27055e38600eb51a
bigvul_transfer,774,bigvul_transfer:774:3076e21dd496,CVE-2019-5754,MEDIUM,3076e21dd4965afc0cdd487be0e3784094c4cabd727c1f1766c51e4028796b23
bigvul_transfer,775,bigvul_transfer:775:9f2f4be921d0,CVE-2018-16511,MEDIUM,9f2f4be921d0142b54b8bc9f9319f63c83bfa4f4108e8b08b0703313220a8c9d
bigvul_transfer,776,bigvul_transfer:776:d2ae5c9fa122,CVE-2015-5156,MEDIUM,d2ae5c9fa122d0338163a29a273f8ff01f6c3c9992e8e4fcbeaddc196d98dee8
bigvul_transfer,777,bigvul_transfer:777:0aca73bf6c1a,CVE-2016-2347,MEDIUM,0aca73bf6c1acffe55261451bf1719624698b93a83ae71090c1c21d8bc230e09
bigvul_transfer,778,bigvul_transfer:778:f8fd2eb4f107,CVE-2019-5822,MEDIUM,f8fd2eb4f107a5dbfbf7147add8b298a05c03e15284b8b475d9ff387a61f2123
bigvul_transfer,779,bigvul_transfer:779:9401444ab6ea,CVE-2013-2927,MEDIUM,9401444ab6eafa39a6c690d7b67dae05c9dde6c39cc3b2aaf682d3f018cce49b
bigvul_transfer,780,bigvul_transfer:780:aa591c502096,CVE-2015-8026,MEDIUM,aa591c502096c4e7ea94a96d0abed965470ca486733a58a5586ca6245e4c51df
bigvul_transfer,781,bigvul_transfer:781:ec8366ac4808,CVE-2011-3363,MEDIUM,ec8366ac480822afb77da1404fd71efc26940a2ab81a1c67a7ace32cdf546e4e
bigvul_transfer,782,bigvul_transfer:782:dc03d2aed9df,CVE-2011-3055,MEDIUM,dc03d2aed9dfcd4376067aafc1432aa4dc0e3a4da141eaa35781828309e99c68
bigvul_transfer,783,bigvul_transfer:783:d33097536e2e,CVE-2019-5827,MEDIUM,d33097536e2e983a8815d457ccf32d712262130263fe4457c06dc2848f6e93d4
bigvul_transfer,784,bigvul_transfer:784:ae48f0a2fbcb,CVE-2014-0069,MEDIUM,ae48f0a2fbcb9917f411168a15fe0af0aacc3081145c338cf7a0191e3be3195a
bigvul_transfer,785,bigvul_transfer:785:816b65376b4b,CVE-2018-6031,MEDIUM,816b65376b4b7db925446f9ebcb828c7cf3421d65b2bb032fe61ca6c084a8d76
bigvul_transfer,786,bigvul_transfer:786:3b123a9123ea,CVE-2017-7533,MEDIUM,3b123a9123eae8d3d3031de646c6f7404c7abbe8422dcd6570a1da55f57a7e9b
bigvul_transfer,787,bigvul_transfer:787:3060cb5fcab4,CVE-2019-11413,MEDIUM,3060cb5fcab425376f3926f12c8cf69306b681ab040a0203685bbf616b337fbe
bigvul_transfer,788,bigvul_transfer:788:a48c34707dc2,CVE-2011-3055,MEDIUM,a48c34707dc271906c93afac994b64915c963952e1f22e15a981c8cdd569863c
bigvul_transfer,789,bigvul_transfer:789:37dd68bcb528,CVE-2016-1667,MEDIUM,37dd68bcb5282af6e4994dbf8a5b33be40fb859d5f7ffafce24a9662f85fa9b3
bigvul_transfer,790,bigvul_transfer:790:f7d06ad5b960,CVE-2013-6368,MEDIUM,f7d06ad5b960b111c6d519e8a0b5b615ff136081bf3e0c103ab6ebe7149de166
bigvul_transfer,791,bigvul_transfer:791:44815e4cbc47,CVE-2013-2874,MEDIUM,44815e4cbc4721850f597d503ad74343f82ee866ab44372363d6022a090c3ace
bigvul_transfer,792,bigvul_transfer:792:5997540df97d,CVE-2016-6787,MEDIUM,5997540df97d104480796d1a7b5451c2a40f087bd8e99cb31cbb027532e309f4
bigvul_transfer,793,bigvul_transfer:793:32c3329a41fd,CVE-2014-9718,MEDIUM,32c3329a41fda0b4404a394ce52380267a13f2365979756c14ba99abc5d76881
bigvul_transfer,794,bigvul_transfer:794:738eb3389967,CVE-2012-0037,MEDIUM,738eb3389967cd71a427b06e8394cc81572be0e1fbd2308c434de2e53259547a
bigvul_transfer,795,bigvul_transfer:795:368dcea465b4,CVE-2014-3690,MEDIUM,368dcea465b4be743458cf31c55141b2583ce57248611f53cb29617eb47f3586
bigvul_transfer,796,bigvul_transfer:796:d1605cc3c669,CVE-2018-20067,MEDIUM,d1605cc3c6697154a4fe5a5833540d07f2e269d6c91ec5a1b81803b52a9d6e22
bigvul_transfer,797,bigvul_transfer:797:1824d7962999,CVE-2016-5216,MEDIUM,1824d7962999cb99cfd312db547ac96cb4692a856c80a7fbef32c5bb623c56b9
bigvul_transfer,798,bigvul_transfer:798:af6bf39cf5cd,CVE-2016-3839,MEDIUM,af6bf39cf5cde8d89f0c192febfa9c108b1a3630c5106542b34990e603edb17b
bigvul_transfer,799,bigvul_transfer:799:ff0561d1f7b2,CVE-2017-14058,MEDIUM,ff0561d1f7b22c38951744cb4b4106b7b09037cc25194acfe90c470484ea7092
bigvul_transfer,800,bigvul_transfer:800:5fd07943462f,CVE-2018-17471,MEDIUM,5fd07943462f1a46e26e8e388cd80ba79725bbda9235c48367433409e0ad426a
bigvul_transfer,801,bigvul_transfer:801:68eb569091b3,CVE-2018-6033,MEDIUM,68eb569091b32f39720d47fddc6c3bf8b3dc41c617480846be9ac1238cefdff8
bigvul_transfer,802,bigvul_transfer:802:81c1283030a0,CVE-2017-9059,MEDIUM,81c1283030a070cc90878f9796859fb93616d8f8b7b7d6bf041c695497e952a4
bigvul_transfer,803,bigvul_transfer:803:643930da6f47,CVE-2019-1563,MEDIUM,643930da6f47a38a3c2c0c35689602f10ba8a442acd0b8d6b6e8453c3dc15a47
bigvul_transfer,804,bigvul_transfer:804:45da3d85fcda,CVE-2018-6121,MEDIUM,45da3d85fcdae3f08fc4c4c19b5fa92662e202edc87c0c8cec6e9c51a4c9bdb1
bigvul_transfer,805,bigvul_transfer:805:0e10aab92bb3,CVE-2010-4650,MEDIUM,0e10aab92bb38c9157416f9c4921e9982ac30d812b7b192b16ad974f081f35b4
bigvul_transfer,806,bigvul_transfer:806:afc9f1e47472,CVE-2018-6063,MEDIUM,afc9f1e47472207614e82921e09c4aaf0af740afe75b5eb83e9fbd57f10c9ccf
bigvul_transfer,807,bigvul_transfer:807:984f421f67e1,CVE-2014-1738,MEDIUM,984f421f67e1b438a71d3d4ffab6e132df0457359aff225a47b07013b8b39787
bigvul_transfer,808,bigvul_transfer:808:dbaac84693e5,CVE-2019-5790,MEDIUM,dbaac84693e56bf4b405d6cdf7caa1ab847f45b35984fdae6937249f1a625769
bigvul_transfer,809,bigvul_transfer:809:c802b367e789,CVE-2017-5120,MEDIUM,c802b367e789bebc85ef1e07c1aeabe03b200a2953218f25d71484dc2816b6d2
bigvul_transfer,810,bigvul_transfer:810:48b55fc7d4c7,CVE-2018-17205,MEDIUM,48b55fc7d4c7380d5c7d341c27a2eaa3141bf1a2fdec39bed14ddc2a28c5216e
bigvul_transfer,811,bigvul_transfer:811:ceed35e8b240,CVE-2011-2840,MEDIUM,ceed35e8b2406b98865967d0d78624162b065e70b5543efe8724991acdba578f
bigvul_transfer,812,bigvul_transfer:812:399525736472,CVE-2012-1179,MEDIUM,399525736472394154074ea2e0fb858a527c3fa9b821cd446438d126337bf27b
bigvul_transfer,813,bigvul_transfer:813:918a4ab98220,CVE-2016-3839,MEDIUM,918a4ab98220fd22008ae0c568d792811d8b4c628b58042b2ba7fdccb878d6d8
bigvul_transfer,814,bigvul_transfer:814:00da44af8b02,CVE-2011-4131,MEDIUM,00da44af8b022f9bd5d1a4bc7e6035b45655b8472e35c997be7155f240670d7f
bigvul_transfer,815,bigvul_transfer:815:4c4348ed1494,CVE-2013-7271,MEDIUM,4c4348ed14947d02ab79714e7121eca904d4954b30b2b2927299def9c1d29543
bigvul_transfer,816,bigvul_transfer:816:6dc6553378de,CVE-2017-5112,MEDIUM,6dc6553378dee789b39492f1293f07dd229a3af10be98557c5ed3c1ecb09ac29
bigvul_transfer,817,bigvul_transfer:817:eba1f9ebdffb,CVE-2013-0829,MEDIUM,eba1f9ebdffbda8b3ea33af6245d0feb6ceba4a0bea8347130e75398590ce99f
bigvul_transfer,818,bigvul_transfer:818:d1096e3db09e,CVE-2016-3839,MEDIUM,d1096e3db09e607b96f34e5d26f77f2a11e027ebf6f94213af8a5fce5ec7d239
bigvul_transfer,819,bigvul_transfer:819:62dd6ed24cc7,CVE-2011-3055,MEDIUM,62dd6ed24cc78ab0e9a9d09ee9137449e2d3fb8ab83d0ad700877bdb255e6ec0
bigvul_transfer,820,bigvul_transfer:820:079a8fa37946,CVE-2018-6085,MEDIUM,079a8fa379467bd21f23b9e15b4e716345d4a338ad159e2d5fbbfc6aa31cb942
bigvul_transfer,821,bigvul_transfer:821:643a13939eb8,CVE-2018-14017,MEDIUM,643a13939eb82fb05985c28332d26d9613a332ab94731a3c689c3eea0d971902
bigvul_transfer,822,bigvul_transfer:822:60f046a5504f,CVE-2018-6094,MEDIUM,60f046a5504f72c1ae85a5baf00f705fe8a72cd16a43bc0bf661226a4d3b3978
bigvul_transfer,823,bigvul_transfer:823:459abeef34e1,CVE-2010-5313,MEDIUM,459abeef34e1f180b30d1d16e13965941a6c22f083c7baa1e91e41e9b26bdf3a
bigvul_transfer,824,bigvul_transfer:824:03bf4942babe,CVE-2017-5039,MEDIUM,03bf4942babeee360f9c1d00df66b8572680f9870f65bbc3e5ff93e327b853a8
bigvul_transfer,825,bigvul_transfer:825:3f6eaaa51e39,CVE-2015-6782,MEDIUM,3f6eaaa51e39380ec771d55ba66695040f084a85334aca7b669ae0f1bbc4c3ba
bigvul_transfer,826,bigvul_transfer:826:8c9a0746aa33,CVE-2017-5039,MEDIUM,8c9a0746aa3355a7b2af8caf66e553ab91a9da3ddae34cb253a4690ef58f5dc8
bigvul_transfer,827,bigvul_transfer:827:88b66303467b,CVE-2016-3764,MEDIUM,88b66303467b1d7698757f9eb862d191494bcbd7942be8ce376a00c22d83ffda
bigvul_transfer,828,bigvul_transfer:828:a9988cbe1130,CVE-2019-1010251,MEDIUM,a9988cbe11308024c28fc0f995d0f20dc0b2a466ccc1520e053717643823c759
bigvul_transfer,829,bigvul_transfer:829:cb32390eefc0,CVE-2018-17294,MEDIUM,cb32390eefc0787f3e2f7f290d03d892ad2042bdd2873e7ac56f756a6f9232e3
bigvul_transfer,830,bigvul_transfer:830:cfaf2927063f,CVE-2013-6626,MEDIUM,cfaf2927063fa759fb19d94d18aea03dcd23a20461a573ab817afadd8953450b
bigvul_transfer,831,bigvul_transfer:831:e86d72d14350,CVE-2014-5045,MEDIUM,e86d72d1435010309c9be615d5cef26148a00ad4328a42b66d7467c0e1e78bb4
bigvul_transfer,832,bigvul_transfer:832:40d96d99bdc2,CVE-2013-4282,MEDIUM,40d96d99bdc2506b06323181c256fcfd9b4ec885a0985573cece84fc25d95cac
bigvul_transfer,833,bigvul_transfer:833:fe3b67a91910,CVE-2016-7976,MEDIUM,fe3b67a91910c2fe1211fe613e5b5794484bbfe1ca840e1cbe999b557bbb4760
bigvul_transfer,834,bigvul_transfer:834:bef71fa90ed3,CVE-2019-1010239,MEDIUM,bef71fa90ed3da09f0a6e30604a893951668b81ce0f5ebaf6981aeda7c1cdcb1
bigvul_transfer,835,bigvul_transfer:835:9da52d82f644,CVE-2018-16640,MEDIUM,9da52d82f64464b478622950b9f17a0b1547a9d350dbf3809dc791958caf64e0
bigvul_transfer,836,bigvul_transfer:836:9a2daa2de291,CVE-2018-6111,MEDIUM,9a2daa2de291871553b1fb7d58b7adc2141622ec02a4afc7a4981b34bdb69133
bigvul_transfer,837,bigvul_transfer:837:9c3dea12c523,CVE-2016-9191,MEDIUM,9c3dea12c52398db990449a95d4cb714d31e8e5c110acafae62521dd572ad313
bigvul_transfer,838,bigvul_transfer:838:2f060e2e7ce7,CVE-2012-2875,MEDIUM,2f060e2e7ce735ed282dd45b72f8da7bc117c366564052562ac3a053c19fab39
bigvul_transfer,839,bigvul_transfer:839:cd89cfc015d0,CVE-2017-5112,MEDIUM,cd89cfc015d09afb3b37c98fb520d540ad0ac5af4bb16b34fade3bb1f2a280f8
bigvul_transfer,840,bigvul_transfer:840:6509640eccca,CVE-2018-18352,MEDIUM,6509640eccca491fdb69e25fe4bb18ba31b714d37b19ad0b9c136f2f1e5be093
bigvul_transfer,841,bigvul_transfer:841:fa92124710f4,CVE-2019-15141,MEDIUM,fa92124710f4fef8a7e331cb0ab51983ecd56718f42109b3192d44edf022d1ba
bigvul_transfer,842,bigvul_transfer:842:88f9f48dd977,CVE-2017-11522,MEDIUM,88f9f48dd9774dbbc104dd6b8fe2bb2bc1377c25fe93671d9a67a3c722bad1bf
bigvul_transfer,843,bigvul_transfer:843:92da320d6e54,CVE-2014-6410,MEDIUM,92da320d6e542d0674f0d2b314593ff229ff95e14b74f273fbc1d435be9d6e6c
bigvul_transfer,844,bigvul_transfer:844:13f54ab99d75,CVE-2017-5019,MEDIUM,13f54ab99d75c0d01b734019a92a51b0bc7875700033e43642e3d761e4c9e471
bigvul_transfer,845,bigvul_transfer:845:70b122a2fd97,CVE-2014-0203,MEDIUM,70b122a2fd97118b22c26657b8e0ab2e551e74ff1ac266e779d9730646a0ac8b
bigvul_transfer,846,bigvul_transfer:846:c7a48917b818,CVE-2011-4112,MEDIUM,c7a48917b81897518cc050928abffa62a8b24c9b266205a42d87d500aa3088c3
bigvul_transfer,847,bigvul_transfer:847:42a0f0aace45,CVE-2018-18345,MEDIUM,42a0f0aace4559fcafce206b00baf646dfcfdbffd6d874a8fe39f26cf3572c13
bigvul_transfer,848,bigvul_transfer:848:4ef7967c5eff,CVE-2013-6622,MEDIUM,4ef7967c5eff553772e3e5b3790e30d82e4664915432219b0cc9698d79fbcadb
bigvul_transfer,849,bigvul_transfer:849:63d80870676f,CVE-2015-0275,MEDIUM,63d80870676fb842ca6a92f231eded96d1bd542734a5ad67989f9fe107fd7112
bigvul_transfer,850,bigvul_transfer:850:3a6b52bb0c9e,CVE-2011-4324,MEDIUM,3a6b52bb0c9e574ddf0ead5b754b35f8c80093b47734b0b297254cf9eab8ee82
bigvul_transfer,851,bigvul_transfer:851:d504c8de75d0,CVE-2016-7133,MEDIUM,d504c8de75d0cba067872d154183bf217a8613c3d63e4d175d3658058165a486
bigvul_transfer,852,bigvul_transfer:852:9cfc1fde3f5d,CVE-2016-5350,MEDIUM,9cfc1fde3f5d55785bbe76e77961542334070a4b47f3ebce0ffdf21cfdd7aca7
bigvul_transfer,853,bigvul_transfer:853:394a338cc33a,CVE-2018-1000040,MEDIUM,394a338cc33ae1f1379610d0c5536f02f7fbb6c24e70b3dd5aa900f3cd789b58
bigvul_transfer,854,bigvul_transfer:854:ff52844331ca,CVE-2015-6780,MEDIUM,ff52844331ca701ab2bc41d9c21a28a18987079f9d19ef211ee9e54cc69632d1
bigvul_transfer,855,bigvul_transfer:855:edc15c276049,CVE-2019-5755,MEDIUM,edc15c2760490b8975f688ca5942b3b421404702d23a39f4f7e781791fd7e1f3
bigvul_transfer,856,bigvul_transfer:856:fc60ee46660e,CVE-2011-3104,MEDIUM,fc60ee46660eb4e72eec9b88c6f923a57944355c5635afbc171598fdec35cbd1
bigvul_transfer,857,bigvul_transfer:857:8d457bbc60a6,CVE-2016-1586,MEDIUM,8d457bbc60a68757b619509889e6e7fd5f972ce74bf7bd42ceff773a6d266d64
bigvul_transfer,858,bigvul_transfer:858:f32bef2f4ff7,CVE-2018-15910,MEDIUM,f32bef2f4ff7a9ca03618ef3469b47ad5ccd63a76d431bb5e52c77e12c2d5be3
bigvul_transfer,859,bigvul_transfer:859:3c73b56b09d0,CVE-2014-2739,MEDIUM,3c73b56b09d067db673598f8130010590b7ea5e68710d86fc0b0aefc03085dd2
bigvul_transfer,860,bigvul_transfer:860:4c08cea7f8ce,CVE-2015-3412,MEDIUM,4c08cea7f8ceb3f90a83e267503e7c8161cfecca85653f1c7e8d5b2c19b3b86e
bigvul_transfer,861,bigvul_transfer:861:24c2a6466983,CVE-2011-2861,MEDIUM,24c2a64669839f8318fb29afcdc2569d8f5cf1cb77a56ecfcdc7dd4e6ebbec1b
bigvul_transfer,862,bigvul_transfer:862:462cfc1fe94c,CVE-2013-0881,MEDIUM,462cfc1fe94c6a87f179c55b0f3409e3e877329e23356732feb942ab2b68a613
bigvul_transfer,863,bigvul_transfer:863:e7c34faaad68,CVE-2019-7308,MEDIUM,e7c34faaad68d97e5f9eac965695019aa74d00c4091c62f9b81517e0524202c1
bigvul_transfer,864,bigvul_transfer:864:c6999ef9f4e2,CVE-2018-6135,MEDIUM,c6999ef9f4e221540ece06284849dee4b633d5241617fc24d0e8ab3ca35974f8
bigvul_transfer,865,bigvul_transfer:865:950e78ae38c4,CVE-2011-5321,MEDIUM,950e78ae38c4bf7d35de3f285b71afb0a24b6eed67e967bf58996fe8e3b7c993
bigvul_transfer,866,bigvul_transfer:866:87ae27b85098,CVE-2017-6991,MEDIUM,87ae27b8509865fa43c02a7ffc550ccbe0c979bd8ba99755a6e5cd2019cfa55b
bigvul_transfer,867,bigvul_transfer:867:8743c87e980d,CVE-2012-2673,MEDIUM,8743c87e980dfe4dced917328baeacbbc201a7930d936b33204c9f7a0cdd2d45
bigvul_transfer,868,bigvul_transfer:868:81448cd20130,CVE-2017-15391,MEDIUM,81448cd20130870ee368691e4e720654095120b756891c30bf74c37c68d00b4a
bigvul_transfer,869,bigvul_transfer:869:93ea353680bd,CVE-2018-17467,MEDIUM,93ea353680bd847abeb2da7b0796dc1c1d8884b7ed4eb5bdf0ab7ddaaee8c5c9
bigvul_transfer,870,bigvul_transfer:870:9c7191fa8e4c,CVE-2011-4324,MEDIUM,9c7191fa8e4c2732368a1de3320b7fd54f19b9af40dd5ff000fcebab38849e76
bigvul_transfer,871,bigvul_transfer:871:afae84ae75d3,CVE-2014-5045,MEDIUM,afae84ae75d3c0c1f2c98abba31bef628b8b012a3fdc47a9a872c90ed55cc954
bigvul_transfer,872,bigvul_transfer:872:baddd9d94b81,CVE-2012-2875,MEDIUM,baddd9d94b817f2345bcc9c1c66defa0808ac512cab316ecbbf57197d6497e7b
bigvul_transfer,873,bigvul_transfer:873:44efe417a4bc,CVE-2018-17204,MEDIUM,44efe417a4bc02714e70be7e43be1bed2665bd4215e295e5b0f38fbcf551a360
bigvul_transfer,874,bigvul_transfer:874:02decfdd3dcd,CVE-2014-3610,MEDIUM,02decfdd3dcdaf698a479683fb442ba5a8431bf775fe6f3aab8d582e8d2422e3
bigvul_transfer,875,bigvul_transfer:875:542c9034713f,CVE-2012-2875,MEDIUM,542c9034713f0a8006e2c7ced43d21413b390899f67aa681ae7b3a2288a053dc
bigvul_transfer,876,bigvul_transfer:876:e1fe8973afb9,CVE-2018-1000039,MEDIUM,e1fe8973afb980f0650bcbc926df2f88826321ddca38ab849ed8b7ae33ae6aa6
bigvul_transfer,877,bigvul_transfer:877:6b5124ea3114,CVE-2018-17204,MEDIUM,6b5124ea31143cf4bab23ca19a447c09bfa56b7d80ef895a4fa3b62efafed653
bigvul_transfer,878,bigvul_transfer:878:88ba914fa59c,CVE-2016-0723,MEDIUM,88ba914fa59c9a08ea9342dcd9f95f3af76bf553273166c7e3095b86b6b91f8c
bigvul_transfer,879,bigvul_transfer:879:6994d569da03,CVE-2014-2673,MEDIUM,6994d569da03728584ccbc90c91e68a9df9b03e723998a61130205368893639a
bigvul_transfer,880,bigvul_transfer:880:2d1be525bd56,CVE-2018-16080,MEDIUM,2d1be525bd562962fdd34c7e333c38ae192b200aa28988be35c8800fd51498fb
bigvul_transfer,881,bigvul_transfer:881:8d19076d4b14,CVE-2016-4579,MEDIUM,8d19076d4b147647f617830495d3dc36ca3bfc43cc0f67c2f613c30a0123108a
bigvul_transfer,882,bigvul_transfer:882:8c2e183b9676,CVE-2018-6049,MEDIUM,8c2e183b9676d986c4b0761007ca82404d9736b583ffcddebc506d04014efe9e
bigvul_transfer,883,bigvul_transfer:883:dafe9e810f4a,CVE-2017-5506,MEDIUM,dafe9e810f4ab344121bbe41d0acd6fc4f34558f20d819a7712bbfffac0df695
bigvul_transfer,884,bigvul_transfer:884:2556113cd3b2,CVE-2017-9059,MEDIUM,2556113cd3b2d33d1b7f848106aaff8ec21422cf819be30d34687222c979a32f
bigvul_transfer,885,bigvul_transfer:885:ff5087e937a1,CVE-2017-0379,MEDIUM,ff5087e937a1b41d35becb40a2ca1b7625253e3125bd699a173d027d75777748
bigvul_transfer,886,bigvul_transfer:886:141e956a8064,CVE-2012-2891,MEDIUM,141e956a8064951597fe5296af4304df7d84f6d60a837390d13d37541b6eac25
bigvul_transfer,887,bigvul_transfer:887:ab442f3925ff,CVE-2011-4086,MEDIUM,ab442f3925ff667fa6fe4fd73e789a6a76d0e7d4009a7743cf2233ee853bb839
bigvul_transfer,888,bigvul_transfer:888:93bfe52b722e,CVE-2016-3835,MEDIUM,93bfe52b722e627bf9df00f82438adf2ab65e43d5c8aef40b86b258b13d67bf7
bigvul_transfer,889,bigvul_transfer:889:bc2d7cd43dd7,CVE-2016-5216,MEDIUM,bc2d7cd43dd779b02a07a27c9519235cdd63396bfd450e5510e13193cc272ff0
bigvul_transfer,890,bigvul_transfer:890:07fb3d6698bb,CVE-2013-1428,MEDIUM,07fb3d6698bb2d4b3dd72c1f337e01e36d5b407c2b79c6707f141277cdae90d9
bigvul_transfer,891,bigvul_transfer:891:9bb77962b7fb,CVE-2011-4930,MEDIUM,9bb77962b7fbd21db98175f52fe67da8c6f1e8855d0e4cd68a6b3b7b52b4e123
bigvul_transfer,892,bigvul_transfer:892:54a27bbe66d1,CVE-2013-3227,MEDIUM,54a27bbe66d1d7714f8f4869a46160dcbf186f5aee41e7210e85b07425f6d76d
bigvul_transfer,893,bigvul_transfer:893:656a5a5641d7,CVE-2011-3055,MEDIUM,656a5a5641d78524f36940004215686e97f8d1fdeb90ae566b9f6e46458c7ef2
bigvul_transfer,894,bigvul_transfer:894:8e7e0298316c,CVE-2013-1826,MEDIUM,8e7e0298316c1cdb692d01b20e47a88d050aa08bda1519af8fd441a7951c5cbf
bigvul_transfer,895,bigvul_transfer:895:384bed8e77a6,CVE-2014-2669,MEDIUM,384bed8e77a6b402ff0c8387871221f6380678569524d9ab3cc533df9e1d746c
bigvul_transfer,896,bigvul_transfer:896:12bdb588e23b,CVE-2016-1691,MEDIUM,12bdb588e23b659d2cb7d5d26a3b6ee19e1230143efe4825fbf497dc95b881c8
bigvul_transfer,897,bigvul_transfer:897:8aed1c7fd1ed,CVE-2018-6088,MEDIUM,8aed1c7fd1ed7bce80faa52c007cba94e5de85aaf68ba305a64a0001b9aafaaa
bigvul_transfer,898,bigvul_transfer:898:04e97016fc19,CVE-2010-3702,MEDIUM,04e97016fc193c239ed3f5bb02e04e54ba07b4eee53a8e8f179192860cee76c1
bigvul_transfer,899,bigvul_transfer:899:1c8613902fee,CVE-2013-6626,MEDIUM,1c8613902fee525e42a4189e907e111193f6a8c5e8fb66985a76047310665f34
bigvul_transfer,900,bigvul_transfer:900:9346a2392657,CVE-2012-5156,MEDIUM,9346a23926578222ebb0dc6ec600a28bdc4e60a1c2678db7bfbc94528ae1ae4c
bigvul_transfer,901,bigvul_transfer:901:3c4367010483,CVE-2016-2181,MEDIUM,3c43670104835fa0302b07d902b12bec2a6daf73ad922ad99e735ecccf50e11a
bigvul_transfer,902,bigvul_transfer:902:1fb5cb5f880f,CVE-2013-4514,MEDIUM,1fb5cb5f880f15bc880fcb38e78f2be7d24c582a811126e1d197de1d397b8e65
bigvul_transfer,903,bigvul_transfer:903:caa54bd2a2ab,CVE-2017-5077,MEDIUM,caa54bd2a2ab45da14f7de479bc2a9d94e03d6fb5f38342b3ef3aac420f42550
bigvul_transfer,904,bigvul_transfer:904:45e3977d6973,CVE-2013-0311,MEDIUM,45e3977d6973d287975a1a563ae3e46da5c36ec3a5169710d9be108bb9681d37
bigvul_transfer,905,bigvul_transfer:905:1ca334782de8,CVE-2018-18839,MEDIUM,1ca334782de85b27e54af832ec0db2e5ff9ff8d29b2f23f5f7699ec835830042
bigvul_transfer,906,bigvul_transfer:906:963fa13b3d17,CVE-2017-5011,MEDIUM,963fa13b3d179b02359ec80671679ca5c584f05173f467e3881b096453033d90
bigvul_transfer,907,bigvul_transfer:907:0829f1f00e45,CVE-2019-17178,MEDIUM,0829f1f00e45220fdf9f6912699be1d7f4c98d0c23e7fda3b31d477c93fca408
bigvul_transfer,908,bigvul_transfer:908:2ceb8452c8db,CVE-2013-6763,MEDIUM,2ceb8452c8db678d0f667dd4945c48db1649f2b377980dae8c6da29f1d453039
bigvul_transfer,909,bigvul_transfer:909:34df8c22b21f,CVE-2018-6066,MEDIUM,34df8c22b21f11127959a1177f48abd0246939fc696f082d72fc9ed3fba6171f
bigvul_transfer,910,bigvul_transfer:910:89d2d22159ba,CVE-2011-4930,MEDIUM,89d2d22159ba5e402e913dd2d610526ef0af7ab2df24bffe314a7b919013b001
bigvul_transfer,911,bigvul_transfer:911:59beb408d195,CVE-2016-10067,MEDIUM,59beb408d195741b3aae3dee95a70ab3fdc4066bf72bec3644781aade2a51ba1
bigvul_transfer,912,bigvul_transfer:912:048aafef80d1,CVE-2012-2121,MEDIUM,048aafef80d1425053d2943ac6564bbbcbf9e3f1ab6ecbf4ca3737fb214f9c89
bigvul_transfer,913,bigvul_transfer:913:740861095e41,CVE-2018-4117,MEDIUM,740861095e41d83a47899048d3d1e093da75fa32a2e2929a9524db268647fdb4
bigvul_transfer,914,bigvul_transfer:914:adac14346b4b,CVE-2018-12247,MEDIUM,adac14346b4bb307c58fba444e655f1a476f1cb3d0f1ee19e8ad9a1b0a9b5dab
bigvul_transfer,915,bigvul_transfer:915:4c73a4bef2e2,CVE-2016-3698,MEDIUM,4c73a4bef2e20fda499eac561017f62975fdb7c55611a78fc13e87dfeba0d84a
bigvul_transfer,916,bigvul_transfer:916:3306838768d2,CVE-2014-3172,MEDIUM,3306838768d23cb73fcb5221558eec28ed71d4828911f0db1781f5a73d78399e
bigvul_transfer,917,bigvul_transfer:917:78c714de10e6,CVE-2018-6057,MEDIUM,78c714de10e6b40474e9d41db7b3a8fa045a592f564978dd5db7045ecb87f5fd
bigvul_transfer,918,bigvul_transfer:918:4f789238f556,CVE-2011-4131,MEDIUM,4f789238f556d48f568153b820d03ce587de52f368cf4444d113ecb6b77a3533
bigvul_transfer,919,bigvul_transfer:919:0b4817b4945c,CVE-2016-2860,MEDIUM,0b4817b4945c3b1768583bfdb8dfceb0c02f496e94656fd833006e4cd9e2fc54
bigvul_transfer,920,bigvul_transfer:920:337abcb04926,CVE-2014-8480,MEDIUM,337abcb049266d7fbe5d586f4fc4967f58449e97b38d24676ae2c39b6191f7c9
bigvul_transfer,921,bigvul_transfer:921:a0094b55c8a8,CVE-2016-5218,MEDIUM,a0094b55c8a80e7e74cc5da6a04e17f1d55f197eff8fe7a9fdd76c65c1dd4960
bigvul_transfer,922,bigvul_transfer:922:33857a316471,CVE-2016-1617,MEDIUM,33857a316471f1b4a792a249357b11daf23dc6f3a75779b0089421a58716ed9a
bigvul_transfer,923,bigvul_transfer:923:b8308d42676c,CVE-2019-13304,MEDIUM,b8308d42676c683a88332fcc7ef3fce44668301cac1cda914d3eedf3b8f9a8ce
bigvul_transfer,924,bigvul_transfer:924:a4769b2756b5,CVE-2017-5053,MEDIUM,a4769b2756b512d19c83ef8a144d5f782a90dd3e0a0ae1a4b92b034a3075e043
bigvul_transfer,925,bigvul_transfer:925:2d940393d4e8,CVE-2011-2803,MEDIUM,2d940393d4e8fc09dee857e17bae1bb8cbecefa456521f78786f202672325b15
bigvul_transfer,926,bigvul_transfer:926:11cc1368ce41,CVE-2018-16080,MEDIUM,11cc1368ce41205e1e60fba65c441b2cc13c44166626252327165b9892a7d89d
bigvul_transfer,927,bigvul_transfer:927:1ee4df0cdaee,CVE-2017-16227,MEDIUM,1ee4df0cdaeed881d39bdb3d5312604cc126df5b4025885b8c0715aabf8e6711
bigvul_transfer,928,bigvul_transfer:928:e60cb6bb8aab,CVE-2015-5296,MEDIUM,e60cb6bb8aabbc93762fd9382a63c37f6048a9ef1a841578a005db297d7b1388
bigvul_transfer,929,bigvul_transfer:929:62a946154e07,CVE-2018-18339,MEDIUM,62a946154e077094209a550a3b29771b6faf62920898010aed8a8cf33be6fb34
bigvul_transfer,930,bigvul_transfer:930:80e5467e8d37,CVE-2018-20456,MEDIUM,80e5467e8d37f31ed87c11b0b265c14607f5af58a9f264df5e26013a843cedcf
bigvul_transfer,931,bigvul_transfer:931:2bf03d41c641,CVE-2015-3412,MEDIUM,2bf03d41c6418993fa78331e407c42f919464a0976db1cc2249e166e057595fd
bigvul_transfer,932,bigvul_transfer:932:63f579ee6f64,CVE-2016-1624,MEDIUM,63f579ee6f64186bc9e7af099902656df4e9292e577ab136e4dc05460cdd44c1
bigvul_transfer,933,bigvul_transfer:933:329d6db9b886,CVE-2012-2875,MEDIUM,329d6db9b88649d0497a05ae0339f1e720e88fe2217654f152e80988b69c79a7
bigvul_transfer,934,bigvul_transfer:934:95454ccc8adc,CVE-2017-5118,MEDIUM,95454ccc8adc164755dc54a55da7fad2d9653e36c53945eed3d81cefc633368d
bigvul_transfer,935,bigvul_transfer:935:f0399a26e395,CVE-2018-6151,MEDIUM,f0399a26e3958e92f8effadfd996d43124579d55eabe5795672fa665556eb5d0
bigvul_transfer,936,bigvul_transfer:936:0893d57b0ba6,CVE-2011-2918,MEDIUM,0893d57b0ba654a0248fc7cfe8c8cf544b7f4cda3646738074089ed330f2bb9b
bigvul_transfer,937,bigvul_transfer:937:ac133aa19377,CVE-2016-3699,MEDIUM,ac133aa19377d9ab7ad6ddf201945edbce2ec965a63686e8712a4e9fb0186c4a
bigvul_transfer,938,bigvul_transfer:938:b3aa611060bb,CVE-2013-3222,MEDIUM,b3aa611060bb87631fadd393c97860f3fd736169e89d4805576801229f75ef38
bigvul_transfer,939,bigvul_transfer:939:c977b4ebacf7,CVE-2016-5219,MEDIUM,c977b4ebacf704edd655b01f55c87936d2d422030ff01757200c44ac64e60b53
bigvul_transfer,940,bigvul_transfer:940:b19df58e6c13,CVE-2017-5009,MEDIUM,b19df58e6c135a5d6bed760a4546b2472f557c0e10ae5aea9deedda77296d8c0
bigvul_transfer,941,bigvul_transfer:941:98232a83e333,CVE-2015-6564,MEDIUM,98232a83e3331c6e8e33222374151a76a7df30c40cf9c3e09dcc581461424790
bigvul_transfer,942,bigvul_transfer:942:0a0b8389fee5,CVE-2018-6105,MEDIUM,0a0b8389fee5628040f3a1b8d90afc28e398d5f09b943936caa264ced107a3c2
bigvul_transfer,943,bigvul_transfer:943:e4627622ac30,CVE-2014-3198,MEDIUM,e4627622ac3033121e10af50e3aafced24e8f2394420e0b505fe12c332ccebc0
bigvul_transfer,944,bigvul_transfer:944:acae5e538b9b,CVE-2017-7177,MEDIUM,acae5e538b9bd2b50c44854fb4102dc56db9d2f0add4fc8c4a6b0783e0a93e3a
bigvul_transfer,945,bigvul_transfer:945:1cca47b9b3c2,CVE-2013-6622,MEDIUM,1cca47b9b3c2f013fd90a74734b15112ad496ed95b1d84cb0e96638dd4f82bb7
bigvul_transfer,946,bigvul_transfer:946:6a01690cff5c,CVE-2016-5185,MEDIUM,6a01690cff5c06879583759332fee8d540a4ee3d4ad9880ff48017d78b8b1509
bigvul_transfer,947,bigvul_transfer:947:49a8ae16a2a0,CVE-2015-3412,MEDIUM,49a8ae16a2a03fbe415e16447bfdced760ef07338b9ae3291157b0096664849e
bigvul_transfer,948,bigvul_transfer:948:a36ccad7cf4e,CVE-2013-7271,MEDIUM,a36ccad7cf4ef5590dcc32f499a53dbc7b37c8035cf1a59656949f1e56a0258f
bigvul_transfer,949,bigvul_transfer:949:407782840069,CVE-2014-3173,MEDIUM,407782840069bdd1a090323d068bf0db3525726d51f3e127bd116d21f862401c
bigvul_transfer,950,bigvul_transfer:950:a62876d5365c,CVE-2017-18222,MEDIUM,a62876d5365c242f1bb11010753eae1b85d77b579fb0caf990396e6480a21f4f
bigvul_transfer,951,bigvul_transfer:951:69ddc252481c,CVE-2017-15391,MEDIUM,69ddc252481cadb3c7af5b0b11a0c11f607bea8be42f0ccb616ff756a3777427
bigvul_transfer,952,bigvul_transfer:952:b16fb8076377,CVE-2018-18339,MEDIUM,b16fb8076377d8df83edb01fa5e269a2c73fc1f0c4849e64ba52d7be6af7feaa
bigvul_transfer,953,bigvul_transfer:953:b77a8f633762,CVE-2013-2925,MEDIUM,b77a8f63376216472fd55d5fe28489d81b25b8c4a2ab9ff4a1a35e1d4bb451db
bigvul_transfer,954,bigvul_transfer:954:8cba55abb126,CVE-2013-4129,MEDIUM,8cba55abb1265c7903208841a6535358e13143e6b7c5abc93e8145fc4eda1903
bigvul_transfer,955,bigvul_transfer:955:67b540a93c77,CVE-2017-5120,MEDIUM,67b540a93c7798ca55981ab6281d28ed61d10e0bc844473d9a9f98087ab4ffe2
bigvul_transfer,956,bigvul_transfer:956:01454806c107,CVE-2017-6892,MEDIUM,01454806c1079d863b5b6a7e4bd9ba13611f00654578e4536f098860932a17dd
bigvul_transfer,957,bigvul_transfer:957:20f3b9c0295e,CVE-2018-6038,MEDIUM,20f3b9c0295e0ef50cfb38837269e32be764455a7f23ecc76b32def137465949
bigvul_transfer,958,bigvul_transfer:958:db6b02b8925a,CVE-2012-3375,MEDIUM,db6b02b8925abe7adfdff384dc2a5872088134838775258e94069a7c78217ece
bigvul_transfer,959,bigvul_transfer:959:12f8006096bb,CVE-2017-9739,MEDIUM,12f8006096bb83305986995ad71318cebc310919e82df38f2f74fd4aa1e8aae4
bigvul_transfer,960,bigvul_transfer:960:996776399479,CVE-2016-5204,MEDIUM,996776399479302872e1bd74ae8d168b20ab827287a4a5d876db348203f7b816
bigvul_transfer,961,bigvul_transfer:961:95f122e0e0db,CVE-2011-4112,MEDIUM,95f122e0e0db75a2710b1433607eec4b2401d72b7e5fe4306f2691d0c3112625
bigvul_transfer,962,bigvul_transfer:962:321fb30dfa86,CVE-2012-2891,MEDIUM,321fb30dfa866d070dd8833460e2a320ea4ba59224fbd47f82548e7a1601a12a
bigvul_transfer,963,bigvul_transfer:963:9020e73ebb3a,CVE-2018-6158,MEDIUM,9020e73ebb3a610b9d460901f4bdc1cf6fe85ba1eb39ea6016eff958c0bdb55f
bigvul_transfer,964,bigvul_transfer:964:fd0a0dd63e3a,CVE-2014-3690,MEDIUM,fd0a0dd63e3a0b5975296a069bbc953a324e134e66c17ae5a3cafd984ff272ae
bigvul_transfer,965,bigvul_transfer:965:4354b18f0667,CVE-2011-3055,MEDIUM,4354b18f066717d8a7b914d359ac766cba440423ee3790b9bcdf33e417072657
bigvul_transfer,966,bigvul_transfer:966:c369de2906d7,CVE-2017-14058,MEDIUM,c369de2906d72807d9f8d6e951d3aecc9924b9b6921a32f87640d593c6a8e4ce
bigvul_transfer,967,bigvul_transfer:967:82586897143b,CVE-2018-6101,MEDIUM,82586897143b8f66b53ec31d75f8f1cd63b6dc938bf7c4fbf45bdb129a61bee0
bigvul_transfer,968,bigvul_transfer:968:ac9593e8b7ab,CVE-2019-5774,MEDIUM,ac9593e8b7ab2865c3827519e8919a75f7337c36e9a6218d32bc39c45864029e
bigvul_transfer,969,bigvul_transfer:969:056eb3f21678,CVE-2016-5767,MEDIUM,056eb3f21678db30ce535212dc85d08f235d83606f7fe39eec77a1f0752645a5
bigvul_transfer,970,bigvul_transfer:970:51b123cf5f54,CVE-2014-2739,MEDIUM,51b123cf5f541bffd01056a8b4dac8067ad8e8b8f1ca770f50b7a3afb44ae2ac
bigvul_transfer,971,bigvul_transfer:971:bc3c46cdd37b,CVE-2018-12458,MEDIUM,bc3c46cdd37b145965608fc0f199ca58f013fdcf8a8c02b149a6a5074e9934f6
bigvul_transfer,972,bigvul_transfer:972:02cfef80c084,CVE-2018-9275,MEDIUM,02cfef80c0841c72c765d09bd42265e871345f88cc808d9b4284bf296c29d0d0
bigvul_transfer,973,bigvul_transfer:973:a4aabc3e4db2,CVE-2010-5313,MEDIUM,a4aabc3e4db2cf99a5d2bed3afd8c3b1085a002832eb322b9e5893b918a531b2
bigvul_transfer,974,bigvul_transfer:974:e2ee3c962366,CVE-2013-3236,MEDIUM,e2ee3c962366f846d31c98d632844c534994cc136375bd835aada522d08e7dab
bigvul_transfer,975,bigvul_transfer:975:1588ed824e24,CVE-2018-7729,MEDIUM,1588ed824e24c2dc7a6ec2beae61171143570c5015052421235f7b804a5eb939
bigvul_transfer,976,bigvul_transfer:976:094a519bc3df,CVE-2017-5118,MEDIUM,094a519bc3df473f2c169c1e777f131c491ef68f837c083bc7af585122f54e06
bigvul_transfer,977,bigvul_transfer:977:0903afc049e3,CVE-2011-2918,MEDIUM,0903afc049e38f4f6854179e924b8a354aace131abe3cccbf1ef9bc39080c20c
bigvul_transfer,978,bigvul_transfer:978:1a2dbd91f7f8,CVE-2017-7177,MEDIUM,1a2dbd91f7f87c69bb4276e59d43d216d46c3904d14c26a11aee7eecae5ca178
bigvul_transfer,979,bigvul_transfer:979:fafba1460828,CVE-2011-2479,MEDIUM,fafba1460828aa1ffba7ac0136d2d5cf175c23840dfa50b29a6de0c9366ad0fb
bigvul_transfer,980,bigvul_transfer:980:cea04c74dd55,CVE-2011-4324,MEDIUM,cea04c74dd556e1999ae9832ef586304500fa361cb63eea4ce8d6d77081ab0db
bigvul_transfer,981,bigvul_transfer:981:958ad0aed4f5,CVE-2016-7969,MEDIUM,958ad0aed4f59fbd233dee4f3f02525149f54b7db9e7dae0aa1a6ba223943797
bigvul_transfer,982,bigvul_transfer:982:976167d86679,CVE-2018-9336,MEDIUM,976167d866795c797b37acf6e86aab8c4db66469cc1447eb8f2e1f35e5219df2
bigvul_transfer,983,bigvul_transfer:983:9e1f0b9f9230,CVE-2013-4119,MEDIUM,9e1f0b9f923027628e61b009f43259f757be2a9fa91f71b7162e9f979b6d0918
bigvul_transfer,984,bigvul_transfer:984:3ca3e0baf427,CVE-2018-8087,MEDIUM,3ca3e0baf427ba3357af47bc649139acd2785303b5d1a090e7233748911e4e37
bigvul_transfer,985,bigvul_transfer:985:6d08fe6a6c95,CVE-2013-3222,MEDIUM,6d08fe6a6c95b3a2489ee1480b0685f28d6ac9b4e0e2f6760e68b0a8a5dbb8f3
bigvul_transfer,986,bigvul_transfer:986:4ab1b49f122d,CVE-2017-5077,MEDIUM,4ab1b49f122d47e2e7097d7c17c53461e4404b2293b39b6f47cc184d5c23cb98
bigvul_transfer,987,bigvul_transfer:987:1916f0305f11,CVE-2016-7969,MEDIUM,1916f0305f115908a74d13828bdc8422f45f88a102ffb1d83b7d229dee7804b8
bigvul_transfer,988,bigvul_transfer:988:e6041ea6b89d,CVE-2013-0918,MEDIUM,e6041ea6b89d6604c6e3fb167b87842a3975fec57602c18d010727364e9e4c2d
bigvul_transfer,989,bigvul_transfer:989:2ea01ae64fcb,CVE-2011-3209,MEDIUM,2ea01ae64fcb9b60d27eb0a8f4f9b66c33d65963de50fc0cf37dbc52c67ae950
bigvul_transfer,990,bigvul_transfer:990:c1f5ccdb92ec,CVE-2016-5147,MEDIUM,c1f5ccdb92ec69fc65b4858dabccf28a458afa32dee29781c1b71bb5c0e3a533
bigvul_transfer,991,bigvul_transfer:991:51ef1de7085c,CVE-2015-1271,MEDIUM,51ef1de7085c96b8737ba7491fa7fb512546af033794bbcb0397935294f3084b
bigvul_transfer,992,bigvul_transfer:992:18a501f357e4,CVE-2018-6063,MEDIUM,18a501f357e44b4388b74ef0de0e3e1d40a52ba12d61a7bd5ff186d110b82c58
bigvul_transfer,993,bigvul_transfer:993:629c4b6b61b2,CVE-2018-14395,MEDIUM,629c4b6b61b27ec0211d908a722cadd5b96f02ef9a88ad0e45ac13a1aad29ff3
bigvul_transfer,994,bigvul_transfer:994:4ef6bbe20355,CVE-2018-13095,MEDIUM,4ef6bbe2035580ed33b5ada7603a89633b1a0f659660e73fc0fb08974c40f3ed
bigvul_transfer,995,bigvul_transfer:995:3367fbcdd89b,CVE-2013-2915,MEDIUM,3367fbcdd89b80e75e131f01542b9fad3363723d544ac8e8a7f4ac2b11921cbf
bigvul_transfer,996,bigvul_transfer:996:cd6f4cdc92fb,CVE-2017-9059,MEDIUM,cd6f4cdc92fb6cdb7f17b291b52bc831c069678034185bde427331a31d806ada
bigvul_transfer,997,bigvul_transfer:997:30acd6523c3b,CVE-2017-5035,MEDIUM,30acd6523c3b409ba091006cc6e5cbe2bfabc958bfb29f987bed3fda3a8839e7
bigvul_transfer,998,bigvul_transfer:998:0469c8e972df,CVE-2017-5118,MEDIUM,0469c8e972df2955325c14c6c3798f001cbf548a56a09722447a57f9a5f307e5
bigvul_transfer,999,bigvul_transfer:999:467d5c1f6e34,CVE-2015-1278,MEDIUM,467d5c1f6e34f634bcc84c5ad9f3c6ec3ae0f63c2ffc871d5fafd785ab1982e8
bigvul_transfer,1000,bigvul_transfer:1000:60e585352312,CVE-2015-1271,MEDIUM,60e5853523123d63464c36e1ee72cef5e3bb4f8667f6c7edf82bcb2af718967a
bigvul_transfer,1001,bigvul_transfer:1001:fdafee18c8cc,CVE-2011-2850,MEDIUM,fdafee18c8cc25ff4e2269b5db7b67eba799d36689c03893d556761f2f8fc9f8
bigvul_transfer,1002,bigvul_transfer:1002:35b9486ed156,CVE-2019-1010305,MEDIUM,35b9486ed156d49e0124ddefaf422829b05b72c8e6ebbc5c9717608a21bbf2ff
bigvul_transfer,1003,bigvul_transfer:1003:b9f2c8eb2cf2,CVE-2013-3228,MEDIUM,b9f2c8eb2cf282b2b1fc500f6801bcadcfdb4f11051ccf098acf15de3b7c863c
bigvul_transfer,1004,bigvul_transfer:1004:b163f59b8dd6,CVE-2018-17467,MEDIUM,b163f59b8dd6d0f74b5847bf3ae8d78dce63ab330c0f7f1201c98a7b867c9d6c
bigvul_transfer,1005,bigvul_transfer:1005:85be69a072f5,CVE-2016-1683,MEDIUM,85be69a072f53ec91a3a71ef95fd56d1c331902111d1212a010f7845faf5f9ed
bigvul_transfer,1006,bigvul_transfer:1006:08d348f600cf,CVE-2013-0828,MEDIUM,08d348f600cfe0ca992dc2e711fd8fb4034a7f009a569aca9bbc1ea0a11f9130
bigvul_transfer,1007,bigvul_transfer:1007:f3f537bbc8d6,CVE-2012-5156,MEDIUM,f3f537bbc8d61f71a480facfdfa9396747d6a10b0444cb7d33cfcaa749381e0a
bigvul_transfer,1008,bigvul_transfer:1008:7c7d3c24145a,CVE-2016-3951,MEDIUM,7c7d3c24145a22383ec2d41122cb0b11153ff7b4b07d7343c7c03d1d59722e50
bigvul_transfer,1009,bigvul_transfer:1009:91fa250b7638,CVE-2016-10746,MEDIUM,91fa250b7638e113a2059af89d201741f6383dc27522ddc17a8f939a0c83b040
bigvul_transfer,1010,bigvul_transfer:1010:35fefaef1410,CVE-2016-9586,MEDIUM,35fefaef141000a375b508cc5f84389d968e9d3ab259965f0f270d3d3bb35bc2
bigvul_transfer,1011,bigvul_transfer:1011:2ed5c967cd8f,CVE-2017-1000418,MEDIUM,2ed5c967cd8fb905ed9c34904ae73016dab506bac8636cece8cdf907f42f2f2c
bigvul_transfer,1012,bigvul_transfer:1012:d5b01d1137c8,CVE-2011-2858,MEDIUM,d5b01d1137c808ca4109ca3b3410cabb56616b4c04b6817b6614a76e61ed768c
bigvul_transfer,1013,bigvul_transfer:1013:ea700b3726d8,CVE-2012-2890,MEDIUM,ea700b3726d8f1c0700356b650c934c0912adadd91741b843c76bb7c97aa1a85
bigvul_transfer,1014,bigvul_transfer:1014:bf76cf170a68,CVE-2018-6196,MEDIUM,bf76cf170a686bebffce06b31dd980a154287d639936f5af2b0a39383ec3a8a4
bigvul_transfer,1015,bigvul_transfer:1015:acf482ab7810,CVE-2011-2918,MEDIUM,acf482ab7810b385bba7e891c6868f0a290b5a573bb8c85f0e15c19c8de20c80
bigvul_transfer,1016,bigvul_transfer:1016:374721b91ed3,CVE-2011-2918,MEDIUM,374721b91ed3d6aa0166240c94af852beac21a01ae2c8d05b4c2762ab90ffe94
bigvul_transfer,1017,bigvul_transfer:1017:9f980ec40aa0,CVE-2017-5116,MEDIUM,9f980ec40aa0628061cde88831cb5cc0136f9530929e961b1226a6d24818470c
bigvul_transfer,1018,bigvul_transfer:1018:1adc23bf684a,CVE-2011-3188,MEDIUM,1adc23bf684a77cd4fda720e7348c90e92dd10c2286ceb17c4828e6ae6405822
bigvul_transfer,1019,bigvul_transfer:1019:c326cf0c3481,CVE-2016-5220,MEDIUM,c326cf0c34811c31360e78c204ada7845e8f632a2efa592bdf4157fcf95f8785
bigvul_transfer,1020,bigvul_transfer:1020:af331d013059,CVE-2015-3412,MEDIUM,af331d0130594d71b2df856c19a0d0b7f8f985bccdf998da83670c73898841cb
bigvul_transfer,1021,bigvul_transfer:1021:d28624ced536,CVE-2016-7946,MEDIUM,d28624ced5365699890f4e767546b109e5149e8d44f9b7bfa7cd661a81e6512a
bigvul_transfer,1022,bigvul_transfer:1022:1253daaa61ec,CVE-2013-4516,MEDIUM,1253daaa61ece2047944274481c0dec6146ee59028674df4eeb120b096374691
bigvul_transfer,1023,bigvul_transfer:1023:aab96de27ce4,CVE-2015-5479,MEDIUM,aab96de27ce4acbd37586a8061062137c9aca0cefeab5e73f5f73f06ba5f8067
bigvul_transfer,1024,bigvul_transfer:1024:74d24a622713,CVE-2011-3094,MEDIUM,74d24a622713c376508a791c6d8078b4d7e88ff76ac31dd070e711b5f7f58652
bigvul_transfer,1025,bigvul_transfer:1025:d83c56f16544,CVE-2016-1679,MEDIUM,d83c56f165441fad2bde7057ccb1396cad26f7542ab868309cbefae2c381f621
bigvul_transfer,1026,bigvul_transfer:1026:d0befc8568ba,CVE-2013-0216,MEDIUM,d0befc8568ba86e8f1d4374e9472832c5442a688e76e7ee691128be89571dad3
bigvul_transfer,1027,bigvul_transfer:1027:ee207011aca1,CVE-2016-5219,MEDIUM,ee207011aca1d467d1605e96783079cdd869e28f426d5880b6c8d0d91c6cb9c7
bigvul_transfer,1028,bigvul_transfer:1028:430aa3a7f0e0,CVE-2013-3230,MEDIUM,430aa3a7f0e06ec3f539fad54ab87903c128978afbb56e7babd57658d9d58792
bigvul_transfer,1029,bigvul_transfer:1029:5f75e8526f28,CVE-2017-7946,MEDIUM,5f75e8526f28c0ed257e8fadc42a367a0464f65883251de8b46e3875d33a9b35
bigvul_transfer,1030,bigvul_transfer:1030:6de7d83a8cae,CVE-2017-9059,MEDIUM,6de7d83a8cae1d1056c365816027a13c539c1d4976df9a903a6a898282cf1b93
bigvul_transfer,1031,bigvul_transfer:1031:b19046fb4e26,CVE-2018-6063,MEDIUM,b19046fb4e262c3088d87399da59112448e505991b7cf37dddc3b3c5a41d667d
bigvul_transfer,1032,bigvul_transfer:1032:86588e156896,CVE-2018-6038,MEDIUM,86588e156896dfa88cea3b8182f30597a9daf079c3adf23b99257233ad349903
bigvul_transfer,1033,bigvul_transfer:1033:2bf3043100c0,CVE-2013-4162,MEDIUM,2bf3043100c09d6f5fdf7c3d10656de91556339c6891161cd2575491ac38c569
bigvul_transfer,1034,bigvul_transfer:1034:a2045ababad2,CVE-2016-5216,MEDIUM,a2045ababad20f1ab5d9f8be57853d0b225fd43c5932324a2aff4223c5e662dd
bigvul_transfer,1035,bigvul_transfer:1035:8529df68d0f7,CVE-2011-1768,MEDIUM,8529df68d0f74b71c86e43da7d02a233de860baa2c0a9a2d42b17c4232ec48e7
bigvul_transfer,1036,bigvul_transfer:1036:2be6b0c4ef00,CVE-2009-3605,MEDIUM,2be6b0c4ef001696f0b4e81281dcc1cf62a99eb0177952b5a8f5c523444cfbab
bigvul_transfer,1037,bigvul_transfer:1037:e442c221ea8d,CVE-2018-7191,MEDIUM,e442c221ea8dff8e4d5a720d202363ce99ed3d0fe9cdbe4b4a4d027ad0578ded
bigvul_transfer,1038,bigvul_transfer:1038:e7677e56d152,CVE-2014-8275,MEDIUM,e7677e56d1525f52492369b58630d7356c725884282aefb6d311770e91af6b91
bigvul_transfer,1039,bigvul_transfer:1039:6a79e4cbfe12,CVE-2013-6368,MEDIUM,6a79e4cbfe120a3708dcadeaf92843a6946a133d1333c887e9b292e647f1f505
bigvul_transfer,1040,bigvul_transfer:1040:4aba0169abba,CVE-2017-5118,MEDIUM,4aba0169abba87e24aceffcd71b445bff567d4137710bef6d4564cb2a5615ab8
bigvul_transfer,1041,bigvul_transfer:1041:86e62e710da8,CVE-2014-4943,MEDIUM,86e62e710da8789e4a7cc27be5a39a76f6128211f1a4c3c704141ffecb9e4642
bigvul_transfer,1042,bigvul_transfer:1042:6db0e80e0cca,CVE-2014-2972,MEDIUM,6db0e80e0ccae246c0ddbc9e483093f92caa4c1972adeba415f8e3dea8dba7ce
bigvul_transfer,1043,bigvul_transfer:1043:966d62774a19,CVE-2016-10517,MEDIUM,966d62774a19f8664c58d6a90eebfa04591d128c84e2e77c4058205705ec0a8c
bigvul_transfer,1044,bigvul_transfer:1044:74e51131a63c,CVE-2017-9994,MEDIUM,74e51131a63cdab476fd16a2c993eb63206df7afa8ebee1f06287403c53ebc9f
bigvul_transfer,1045,bigvul_transfer:1045:78b54aca3102,CVE-2015-6779,MEDIUM,78b54aca3102629f77353df4fd24344b5cbbf59a03cc53327035adff371dfd68
bigvul_transfer,1046,bigvul_transfer:1046:312e1c57a375,CVE-2016-10746,MEDIUM,312e1c57a3754f00abe3f653cd2d32be0818cf1e58f5effdbccec7d0247fb1aa
bigvul_transfer,1047,bigvul_transfer:1047:0b98cdf757bd,CVE-2013-1848,MEDIUM,0b98cdf757bd48975f35d1b54d06d48ceaf90cec52f78c0f67a7b4373e48b542
bigvul_transfer,1048,bigvul_transfer:1048:0c1ff51eac47,CVE-2015-8950,MEDIUM,0c1ff51eac47ba2e6a68e64f7f691fb3b56ecedf7d34f8da82c73f44382d8451
bigvul_transfer,1049,bigvul_transfer:1049:42c41c0851ef,CVE-2017-11664,MEDIUM,42c41c0851ef3a3bc4887b2e5ff99ebd69f28e2a10cbf8af1c1624cd5e75e54c
bigvul_transfer,1050,bigvul_transfer:1050:04f54a8acd1b,CVE-2018-6196,MEDIUM,04f54a8acd1bc194d42f1f9454a82ac69148c5992ddd68225fcae1503dc3fd0b
bigvul_transfer,1051,bigvul_transfer:1051:d5d42bf965bc,CVE-2015-1281,MEDIUM,d5d42bf965bc8babf82e074451aa81af7c7042e64feaad567783d3eba8518a67
bigvul_transfer,1052,bigvul_transfer:1052:dacabc4a445c,CVE-2017-14225,MEDIUM,dacabc4a445c123df58829195f666a526344f73e58af8d3f6611eb9c1cd16475
bigvul_transfer,1053,bigvul_transfer:1053:62b9e972cbae,CVE-2016-2184,MEDIUM,62b9e972cbae9543a47a3745887253a87239451e925d69dd2539767dc8cf1106
bigvul_transfer,1054,bigvul_transfer:1054:eba702311320,CVE-2015-0275,MEDIUM,eba7023113205dadef3898004faad262bf3b71c78f6f2da3e3509a9535c85ee7
bigvul_transfer,1055,bigvul_transfer:1055:2b3e0be7aaea,CVE-2019-15141,MEDIUM,2b3e0be7aaeac0951e3a8520849d57d9239063bfdd7e648e4aa92c079e1878b2
bigvul_transfer,1056,bigvul_transfer:1056:0ac9a577699d,CVE-2018-17467,MEDIUM,0ac9a577699d167b56809f40231038ae756e30c121d814deab35ca43ec8b204e
bigvul_transfer,1057,bigvul_transfer:1057:5be2f3972e21,CVE-2013-1772,MEDIUM,5be2f3972e21fb3139a19410f7564d02165093d222ad8e5245903565c7314b22
bigvul_transfer,1058,bigvul_transfer:1058:a35da2251be1,CVE-2014-8172,MEDIUM,a35da2251be1fd15e83744c96ffeaa217a9a28951a271e6cc3140dd8b5972b98
bigvul_transfer,1059,bigvul_transfer:1059:3a9365c927bf,CVE-2013-1957,MEDIUM,3a9365c927bfd64239b08b4bf2532c8a5569d51f3dc9061ecd7e4163377688f7
bigvul_transfer,1060,bigvul_transfer:1060:9e8d06bf1a71,CVE-2011-3055,MEDIUM,9e8d06bf1a713e92c98bcfe0a296db26937ba79b6732d21dc6dc3e56c0662c15
bigvul_transfer,1061,bigvul_transfer:1061:38d04f08a85b,CVE-2014-6410,MEDIUM,38d04f08a85be448f01992fc39045757394ba099cf2dbfcdc3c962858fbac73e
bigvul_transfer,1062,bigvul_transfer:1062:9415a95c234d,CVE-2014-8172,MEDIUM,9415a95c234d631f92e960526e76500b5da03a9c397332aa7ee31c5beb264313
bigvul_transfer,1063,bigvul_transfer:1063:b73161381339,CVE-2011-4127,MEDIUM,b73161381339da1d81c170c1d3fc25f7852364e36bb9a6c41f9d27fa9bb76c42
bigvul_transfer,1064,bigvul_transfer:1064:2265e315fde4,CVE-2012-1179,MEDIUM,2265e315fde48f83c1be1592a56270904be4955d82838c510c583b4182ac1db5
bigvul_transfer,1065,bigvul_transfer:1065:22c56b4f60ab,CVE-2018-6063,MEDIUM,22c56b4f60aba4bc4826c3671c2219955fb44d42e6900a11846fdb34add48179
bigvul_transfer,1066,bigvul_transfer:1066:2e2c0f614eea,CVE-2013-1819,MEDIUM,2e2c0f614eea95901416578c789ca2bab82abee6ec1a478bfe173d6dace34a0e
bigvul_transfer,1067,bigvul_transfer:1067:03db569b9e1b,CVE-2019-11222,MEDIUM,03db569b9e1bd55303264232c02e6892e8bed17643434baa47aa554845f3c61a
bigvul_transfer,1068,bigvul_transfer:1068:644a5d4c2f67,CVE-2018-19497,MEDIUM,644a5d4c2f676eba5908c2fd1ee5aeceb957b81e9641b996cbb8ab63a1667605
bigvul_transfer,1069,bigvul_transfer:1069:faf3fc7560f3,CVE-2016-5170,MEDIUM,faf3fc7560f3a5e4134038476db34709c8e8b989e71927057f888879d2e4910d
bigvul_transfer,1070,bigvul_transfer:1070:d0ee47abf7ce,CVE-2015-3193,MEDIUM,d0ee47abf7ce19e8503cf9f226b2710558b96b2010209422964874b53ac7b508
bigvul_transfer,1071,bigvul_transfer:1071:56a8e0c0006c,CVE-2013-2908,MEDIUM,56a8e0c0006c517eb6474af7bc933407efaa1314dceb3dde833802eab57d450e
bigvul_transfer,1072,bigvul_transfer:1072:b4da0699e03b,CVE-2013-1789,MEDIUM,b4da0699e03b86a7a01ccd252368fc627e4e6028c4e93f2c0688290abd0ee639
bigvul_transfer,1073,bigvul_transfer:1073:8a013a09f3b3,CVE-2016-5170,MEDIUM,8a013a09f3b36766527b9013922c528fe82725180542567ced7b6d21d3165406
bigvul_transfer,1074,bigvul_transfer:1074:3adc2b0b6743,CVE-2018-5333,MEDIUM,3adc2b0b6743f24607fd7ae5cdbc33e8f40f8403190d9c50fec4a20a1cf5c91e
bigvul_transfer,1075,bigvul_transfer:1075:0861dbc30269,CVE-2015-1792,MEDIUM,0861dbc30269066e799993aa9de804ed9fc87667deb7a8df89bea38628c3fd37
bigvul_transfer,1076,bigvul_transfer:1076:55702650c734,CVE-2015-6761,MEDIUM,55702650c7348e055802cdc2336b7832b6199f55a12b700545875d6919208b09
bigvul_transfer,1077,bigvul_transfer:1077:62d4830169d1,CVE-2011-2802,MEDIUM,62d4830169d133540152f7cd656dfbbdd0d6678ced93de2596fd7724b1698577
bigvul_transfer,1078,bigvul_transfer:1078:2a0366696693,CVE-2013-3235,MEDIUM,2a036669669344e258c85658177403823c961ae0d02a6f8e7fc12eb9ad54db17
bigvul_transfer,1079,bigvul_transfer:1079:2d4d0a24cf42,CVE-2019-12098,MEDIUM,2d4d0a24cf425d2176e839881dc924f96ac53a69da50dd313f98a54b5de9874b
bigvul_transfer,1080,bigvul_transfer:1080:732bfe52e2fa,CVE-2016-1657,MEDIUM,732bfe52e2fa8eadb75223defccc9a972446760073ed1b11dfda12365a969d0a
bigvul_transfer,1081,bigvul_transfer:1081:f25d7bacc9b7,CVE-2011-4930,MEDIUM,f25d7bacc9b7dbe1d69116ec4f915a5d8e4aafc2312a2a6ef938cb1d697563ab
bigvul_transfer,1082,bigvul_transfer:1082:579c22c795c3,CVE-2016-3839,MEDIUM,579c22c795c3b11f288626923ba80c09a9cfd9edfbc735a0675acf05ba9f3310
bigvul_transfer,1083,bigvul_transfer:1083:793af38fe30c,CVE-2019-14323,MEDIUM,793af38fe30c62fd87dbcc0f1f36befae822b98b94dab41aa9207342947ce098
bigvul_transfer,1084,bigvul_transfer:1084:2fc41f2902eb,CVE-2012-2875,MEDIUM,2fc41f2902ebda4f8326f6e03950899ead780b50bf41492f1977949f6e6f4f27
bigvul_transfer,1085,bigvul_transfer:1085:71840539ee9a,CVE-2013-6401,MEDIUM,71840539ee9a92c7877a9de23de892f91206096c6cfdfc25b40883b2d9364d91
bigvul_transfer,1086,bigvul_transfer:1086:f2c7c16ded68,CVE-2017-5122,MEDIUM,f2c7c16ded68c6bc7d09c2f39affadedf3f16d3d1b83c4be226499c330111c4c
bigvul_transfer,1087,bigvul_transfer:1087:c99995f78689,CVE-2012-4444,MEDIUM,c99995f786898cb7f7343b88d9670d1827177ac914773603afd73c02eb2b8a62
bigvul_transfer,1088,bigvul_transfer:1088:4e5bd45b3b82,CVE-2019-16718,MEDIUM,4e5bd45b3b825fcffb91d46d3058c98c13b47764034ecd4c4075749e69060ffb
bigvul_transfer,1089,bigvul_transfer:1089:805659bab5f6,CVE-2018-13405,MEDIUM,805659bab5f6ea946cad844eaa5790862e1719cdf8d61530bd053a63d76608f4
bigvul_transfer,1090,bigvul_transfer:1090:da5e6a306012,CVE-2016-3839,MEDIUM,da5e6a306012dda90899827d6b79a30b8abd12582df6552f1f8bc3b3a65a8b75
bigvul_transfer,1091,bigvul_transfer:1091:d11d9aae9dfa,CVE-2011-3104,MEDIUM,d11d9aae9dfaf485f8eb7e0969fe9c7c83edb516ec742428cbb2fd44a3a3f39e
bigvul_transfer,1092,bigvul_transfer:1092:f46ff7c99608,CVE-2013-1797,MEDIUM,f46ff7c99608fe5e7ea835d89d4b363f7be86dae3a25e8c67b3ed4ee0310b07e
bigvul_transfer,1093,bigvul_transfer:1093:ad59c09b90b4,CVE-2011-4930,MEDIUM,ad59c09b90b4602a1071ab3a3aba1abade4f9880b2f86aa4eff6cc3b425e2fce
bigvul_transfer,1094,bigvul_transfer:1094:2d1503f32f4d,CVE-2016-9557,MEDIUM,2d1503f32f4d4ffbaa6114d85aea112e8d00285b6af1087f36cc34f9aa44c38a
bigvul_transfer,1095,bigvul_transfer:1095:85174f0bc8ef,CVE-2013-0918,MEDIUM,85174f0bc8efa5991cd91eeb01066ab711535458403c99e0435390672af7eaf4
bigvul_transfer,1096,bigvul_transfer:1096:0cd31e9d25a5,CVE-2018-16790,MEDIUM,0cd31e9d25a55c15ed4e4cf4cbc39f5092e18ab87d318e07ee950ece1acbd25b
bigvul_transfer,1097,bigvul_transfer:1097:dbf0d7c5bb50,CVE-2018-19045,MEDIUM,dbf0d7c5bb509edb8f5ef6d8f68341b99a98ff40c18a9196172c6f15f7c49e58
bigvul_transfer,1098,bigvul_transfer:1098:1da4d0784a1e,CVE-2018-16513,MEDIUM,1da4d0784a1edd862090050a60b652c1a0449cdaa38bdb46af967bad5836f7bb
bigvul_transfer,1099,bigvul_transfer:1099:b432687e873d,CVE-2018-17468,MEDIUM,b432687e873dfd5035fcfe2bfc2300bcadce3382c2df6375c324a5627a71f7dc
bigvul_transfer,1100,bigvul_transfer:1100:2ed232812682,CVE-2017-5009,MEDIUM,2ed232812682cc80b7ad880fb51d64048fccac309745c3aa3778cd00f92c1103
bigvul_transfer,1101,bigvul_transfer:1101:c40630f7d814,CVE-2013-4282,MEDIUM,c40630f7d81458a2574d18fa2000a5d9d2742c49ea6d5f1de3b75d60c2673a61
bigvul_transfer,1102,bigvul_transfer:1102:a79b052316b5,CVE-2017-5552,MEDIUM,a79b052316b5720109c5fec114b916fdd7d6730495907a75eb08aa0d867a83bb
bigvul_transfer,1103,bigvul_transfer:1103:a6ddbd194c34,CVE-2018-17205,MEDIUM,a6ddbd194c3413b989510d914f32f1486faa9f0bab5b58005fd2d55f52508ace
bigvul_transfer,1104,bigvul_transfer:1104:41473ac961cc,CVE-2015-3212,MEDIUM,41473ac961cc834da7338dc2dbf3af6e4b0e6f546bc711a8d62bddc6dcf7eeeb
bigvul_transfer,1105,bigvul_transfer:1105:ebacf26c1d60,CVE-2016-10270,MEDIUM,ebacf26c1d60bb009dced6e9b025d9e2e9f50b59fa5929a549965b2ba559c800
bigvul_transfer,1106,bigvul_transfer:1106:427e2306e931,CVE-2018-17204,MEDIUM,427e2306e931687be178257afc1ff1c58d07df530a19fc4f0e1a4ea45c8a00a6
bigvul_transfer,1107,bigvul_transfer:1107:f3e19b7231ab,CVE-2010-2527,MEDIUM,f3e19b7231ab8dd24d8c7dc11fe595d12a287d025fdb00d283cb0b692201bdf4
bigvul_transfer,1108,bigvul_transfer:1108:766ba02f3d83,CVE-2016-10248,MEDIUM,766ba02f3d83432a0bf488490a41d7450f643ea7919110ac9a21b41e40c1d171
bigvul_transfer,1109,bigvul_transfer:1109:83a4cd454b8b,CVE-2014-2739,MEDIUM,83a4cd454b8b5afd6449169c15397fa01f1eed1db80507e76b8e63ece78de676
bigvul_transfer,1110,bigvul_transfer:1110:1bd3b342897a,CVE-2017-9202,MEDIUM,1bd3b342897a0ed2ccdee7fc2a2d8aac9e8936f307508c1d0fae50405df3f5a5
bigvul_transfer,1111,bigvul_transfer:1111:8198465150f7,CVE-2011-3055,MEDIUM,8198465150f74011e6b1ce6be3401e108fa0587b4749f66b7478d84c817444ce
bigvul_transfer,1112,bigvul_transfer:1112:52c5207bdd82,CVE-2018-6158,MEDIUM,52c5207bdd826ee4e604c2ab4286b23b7982413d90a006c3d263a4cdced1bc98
bigvul_transfer,1113,bigvul_transfer:1113:d315ca29ba90,CVE-2019-5770,MEDIUM,d315ca29ba9006f691d9ee55351dea56efb4baf4b112beb9ca16445b6602ed2d
bigvul_transfer,1114,bigvul_transfer:1114:bf2e92a9c667,CVE-2013-6368,MEDIUM,bf2e92a9c667c8f5cc74843a919da28d5557516ba4ea97a2289ee726635c04b9
bigvul_transfer,1115,bigvul_transfer:1115:a268f91bef48,CVE-2016-3839,MEDIUM,a268f91bef4841b99c13decea5be863ec4d65f9cbe7df9203c868fcb3c8007b5
bigvul_transfer,1116,bigvul_transfer:1116:39da089b11e0,CVE-2012-1601,MEDIUM,39da089b11e0ab6258332ff79797d5d193f94f9f57280d19196897cab8b85084
bigvul_transfer,1117,bigvul_transfer:1117:90218d8ba282,CVE-2016-3839,MEDIUM,90218d8ba282d334ec9abdf3bd0daf821384e4c7e882820391fc5c126c96a73a
bigvul_transfer,1118,bigvul_transfer:1118:8bc66d412a15,CVE-2013-1773,MEDIUM,8bc66d412a15b4586c313179717f4a2786f3e87701c8f6b607c81d117fd71373
bigvul_transfer,1119,bigvul_transfer:1119:c1a388d2c4c2,CVE-2018-11383,MEDIUM,c1a388d2c4c2c84518d76f60f5016522f9fb6edef7a2c0b73eec898ae8c7dba9
bigvul_transfer,1120,bigvul_transfer:1120:1bfac916d1e2,CVE-2017-5019,MEDIUM,1bfac916d1e290ea65f08af822068f39f2e750825a08600bdf1d15f4b3bb05be
bigvul_transfer,1121,bigvul_transfer:1121:7085574d94e7,CVE-2017-5019,MEDIUM,7085574d94e7f069d8131f8f18c0f3a4830ff9301bd2cf54e3eb9d1549a4399d
bigvul_transfer,1122,bigvul_transfer:1122:a2b3b3cc5f1c,CVE-2017-5044,MEDIUM,a2b3b3cc5f1c4ffeccfe8b473f0e8d67e22c69c09ba9fc1116c146c4fde0fb69
bigvul_transfer,1123,bigvul_transfer:1123:ec50649970e4,CVE-2016-5170,MEDIUM,ec50649970e4c26bc720ab850ccbe48903dd7bfb0d43f0af1fec691c52f92002
bigvul_transfer,1124,bigvul_transfer:1124:4239da783015,CVE-2018-6046,MEDIUM,4239da7830154c5745fe1e737a01e7ba7785878c524c96d90dbc8612491545af
bigvul_transfer,1125,bigvul_transfer:1125:9c67258c4b5b,CVE-2013-6763,MEDIUM,9c67258c4b5bdd70a67e7fd31b3d78b74a216dbcf2cd1494867667d41f5e13e1
bigvul_transfer,1126,bigvul_transfer:1126:ca0decb5d94a,CVE-2012-2890,MEDIUM,ca0decb5d94a88ee684293d938b87b705c960666a1988e0003ec60045d6aca31
bigvul_transfer,1127,bigvul_transfer:1127:9d9a679fdc1c,CVE-2019-5755,MEDIUM,9d9a679fdc1c90ba86789d3ba522a8afd9891605fbdb28783fb6d01757acae96
bigvul_transfer,1128,bigvul_transfer:1128:67baf101e3bb,CVE-2016-5767,MEDIUM,67baf101e3bba8acdeddacdcba55cb2e2c1b6ce3e915fa3c074abde0d22a1b8c
bigvul_transfer,1129,bigvul_transfer:1129:dbd9295b6a4a,CVE-2014-0207,MEDIUM,dbd9295b6a4ada5cb4bafb3aead74caf91938566072ba5a4066985301fc49d12
bigvul_transfer,1130,bigvul_transfer:1130:0ebfb1647971,CVE-2018-7191,MEDIUM,0ebfb1647971668e14eea5bef07c06ab8e2755a3a1c4d8d952a9ab9dcfb618f5
bigvul_transfer,1131,bigvul_transfer:1131:db8250147fda,CVE-2013-2015,MEDIUM,db8250147fda7bfdaedeb6c0f3de533cefaf73b93f396031cf9ac65092dd2ee0
bigvul_transfer,1132,bigvul_transfer:1132:40f438d4443d,CVE-2017-6991,MEDIUM,40f438d4443d63421fef081140863ccb3f6f71191cbd130dc551ebc34f67854e
bigvul_transfer,1133,bigvul_transfer:1133:80ab07b5f4b1,CVE-2016-1631,MEDIUM,80ab07b5f4b1c492b88f6502bf32839d9193ca84dda630c656de8db872afe8d1
bigvul_transfer,1134,bigvul_transfer:1134:cbf9f27e2631,CVE-2012-2875,MEDIUM,cbf9f27e2631ce8d4bd1f08e7819a3e5df932be832fc108564079c76bc890fac
bigvul_transfer,1135,bigvul_transfer:1135:90d0f9703ae2,CVE-2017-9727,MEDIUM,90d0f9703ae23df645987d5434ec80c6e8fbe02d70ceb778e007808cbd7d4742
bigvul_transfer,1136,bigvul_transfer:1136:f1139d68e0e6,CVE-2017-6991,MEDIUM,f1139d68e0e679150cdc08a225f67309deee96fbf6ea7239bbe7ef48425084a6
bigvul_transfer,1137,bigvul_transfer:1137:2f66190522e2,CVE-2018-9511,MEDIUM,2f66190522e2effc02d29c68aaf4591e4b9690cecffd54621507b036ddb7445e
bigvul_transfer,1138,bigvul_transfer:1138:6805890e063c,CVE-2011-3209,MEDIUM,6805890e063c34e4d6e9e681b2388f63327b2ddd9f249439c3e9165118de8449
bigvul_transfer,1139,bigvul_transfer:1139:9e9821ee5ae6,CVE-2015-1274,MEDIUM,9e9821ee5ae6adc26ead3f2881962757894d7250579022cc55437a3c8a99653d
bigvul_transfer,1140,bigvul_transfer:1140:ea7881742467,CVE-2016-3699,MEDIUM,ea78817424670b8faf853e3590f9ed61a521222414682b2231c86c4d34162f7e
bigvul_transfer,1141,bigvul_transfer:1141:3f7ec16e0f14,CVE-2013-2921,MEDIUM,3f7ec16e0f145462fbde82692558b66ae8d0a5bc5ba3c1619ef69b717171d3ad
bigvul_transfer,1142,bigvul_transfer:1142:195ddc84614c,CVE-2011-4594,MEDIUM,195ddc84614c7cd69d8c82205bb0984ca07bd454bfc0c115ff6c5b2169f2f84a
bigvul_transfer,1143,bigvul_transfer:1143:12a132270d83,CVE-2018-18352,MEDIUM,12a132270d832946845b4cadc5a5348d82f159bd8fbb3ae86ce524b1c8713543
bigvul_transfer,1144,bigvul_transfer:1144:d6ca1ba1615a,CVE-2018-6089,MEDIUM,d6ca1ba1615ad65c56956d0c18e7953320236adb0e6f683bad724518ceb6e6b0
bigvul_transfer,1145,bigvul_transfer:1145:42c0d0a28f0e,CVE-2017-5112,MEDIUM,42c0d0a28f0edb7c5ecc57bd93a4ac979e3ab82b4ce46b40d583575ee726cf9f
bigvul_transfer,1146,bigvul_transfer:1146:91884cc2560d,CVE-2013-4282,MEDIUM,91884cc2560dcde494e343b2bf92f09a1a95e2f853bd462baa587fcacbd4c1e9
bigvul_transfer,1147,bigvul_transfer:1147:6f7bfb6c0935,CVE-2016-5219,MEDIUM,6f7bfb6c093504cb8c992542377a6313c4f68ae0cd36b0d5777167808ed4b550
bigvul_transfer,1148,bigvul_transfer:1148:de448040a6c9,CVE-2016-10196,MEDIUM,de448040a6c9b56e8c55444a44b813235484545ee8df97ff6f110f9d66006d94
bigvul_transfer,1149,bigvul_transfer:1149:bcc0930e44ff,CVE-2016-3834,MEDIUM,bcc0930e44ff96feb8dc4508666e984617f2e77cf7ef21087b5d49390b78c4e6
bigvul_transfer,1150,bigvul_transfer:1150:eafeedaffe9d,CVE-2013-4591,MEDIUM,eafeedaffe9dcd60a79b758135659d61dbe67f9045ede12de3592ca3ff0aabe3
bigvul_transfer,1151,bigvul_transfer:1151:0a7be82bb471,CVE-2013-6368,MEDIUM,0a7be82bb47110fc74aae0ed7b3ed7fc3b1eef8df391405230e5c0cc23e789cf
bigvul_transfer,1152,bigvul_transfer:1152:f0f5ac21236c,CVE-2011-3234,MEDIUM,f0f5ac21236cdbdca8840d48395e716d4ce3d8e9a81a58dbbbeade2812a1f5b6
bigvul_transfer,1153,bigvul_transfer:1153:0812b1e2f980,CVE-2011-4112,MEDIUM,0812b1e2f9802bcb9666df859bd080a33ab9e96f85379934b77190e035739235
bigvul_transfer,1154,bigvul_transfer:1154:878f9df5dd54,CVE-2018-6942,MEDIUM,878f9df5dd54b40cebd38be88fb92ae017a3d4d2e88dbfeabf74808c364d61eb
bigvul_transfer,1155,bigvul_transfer:1155:38033cc36597,CVE-2017-15395,MEDIUM,38033cc36597dec3573b845d5e00a7bfbb2b81af03cf80fae2562c16f73f3d83
bigvul_transfer,1156,bigvul_transfer:1156:c3b957b9bd74,CVE-2016-1630,MEDIUM,c3b957b9bd745d4cc14c2c8bf2551e7b0d119364a7be65216bd9c1349716f3c6
bigvul_transfer,1157,bigvul_transfer:1157:a0a8e648a838,CVE-2017-12146,MEDIUM,a0a8e648a83853b69836270a514583f2d804b30ca8e711724fa7fb60c5c9a153
bigvul_transfer,1158,bigvul_transfer:1158:c25c6123fdc2,CVE-2012-1601,MEDIUM,c25c6123fdc2f6b9360306543d463d580f1e15366e11ec0a189dd9382a8a77b1
bigvul_transfer,1159,bigvul_transfer:1159:b3acd3b37d39,CVE-2011-2918,MEDIUM,b3acd3b37d39ad112bc4d0ff8d0e1a9521e5f0ff38ab5584a770ea4235afecbe
bigvul_transfer,1160,bigvul_transfer:1160:0d40a5308957,CVE-2017-8284,MEDIUM,0d40a53089571179f84a12ece28b502d23c3762e22449f472633ad9d9f008cd9
bigvul_transfer,1161,bigvul_transfer:1161:7a3476cb10c1,CVE-2017-5009,MEDIUM,7a3476cb10c1aeb4dc92c740d0cc2a42a9b1834b1ccb8d37ae49c38078d6e49c
bigvul_transfer,1162,bigvul_transfer:1162:3f2dc98bce7c,CVE-2013-6635,MEDIUM,3f2dc98bce7c7b8dbade2e8c10670f4b84536b17085ccf7d580cff19161121ee
bigvul_transfer,1163,bigvul_transfer:1163:90bbfcfd8c92,CVE-2016-9913,MEDIUM,90bbfcfd8c924b2dbd182acf83d78c7329e91e9704aaf45041d6894a36635922
bigvul_transfer,1164,bigvul_transfer:1164:cdb02fbf2ab6,CVE-2012-2891,MEDIUM,cdb02fbf2ab66c7b8d7e86264dec1be832cefd2251bb381ad53934ce9aa4756e
bigvul_transfer,1165,bigvul_transfer:1165:d38ddccc076e,CVE-2013-7271,MEDIUM,d38ddccc076e28a23ea45777a4842c08c1fe6ce11ff5034e81015965c93db0a8
bigvul_transfer,1166,bigvul_transfer:1166:814a3a7022c0,CVE-2018-6197,MEDIUM,814a3a7022c03f94d145d89d0e07781766f5b4f3b4ac1ced2634cd00ee4a9ab1
bigvul_transfer,1167,bigvul_transfer:1167:ea7e5fa5b8ce,CVE-2017-9798,MEDIUM,ea7e5fa5b8cebd587b2d06ceeca807f06eb4ee9a018872942abe47fa396b9486
bigvul_transfer,1168,bigvul_transfer:1168:76a963cb5535,CVE-2011-1476,MEDIUM,76a963cb5535616972e144cb420137be0174532485fb8119d1d52a5357aa4c8b
bigvul_transfer,1169,bigvul_transfer:1169:ffaf32ad78b4,CVE-2016-5219,MEDIUM,ffaf32ad78b4054b482c4814509f4b062c6af73be378d76021a62caa10d7af0e
bigvul_transfer,1170,bigvul_transfer:1170:46fee11bf8bd,CVE-2016-5200,MEDIUM,46fee11bf8bd776613b40e1fb20976a3dccbae49c96e186830945e4bb5992388
bigvul_transfer,1171,bigvul_transfer:1171:f00f07f82631,CVE-2009-3605,MEDIUM,f00f07f82631c7a84438e4fae293316f1c5b0960595efb7aaedc36e62cd33a1d
bigvul_transfer,1172,bigvul_transfer:1172:243118e4aa99,CVE-2013-0836,MEDIUM,243118e4aa9959c6849b926b139306438dceba195152141efe0a830e90054150
bigvul_transfer,1173,bigvul_transfer:1173:33a59b94fcab,CVE-2016-9557,MEDIUM,33a59b94fcabc02a7aeca5dcb4345c80e8b8f80a5f76817e7e88f1edbfad8c44
bigvul_transfer,1174,bigvul_transfer:1174:71f5bb611d75,CVE-2013-0250,MEDIUM,71f5bb611d752bc935b174ecd2cacea29f1fa3e59efb3a09748f5130ac9f4e86
bigvul_transfer,1175,bigvul_transfer:1175:0c4e2eee760b,CVE-2014-7283,MEDIUM,0c4e2eee760b3c8bbc8e2b6e3b0e9a10fdd432ebe74ecc1db6a592b74a5253f4
bigvul_transfer,1176,bigvul_transfer:1176:c6632f7aff51,CVE-2019-12984,MEDIUM,c6632f7aff518d93f1825803c747a5fae35a84b74b2cb91515dddc77d2b0f997
bigvul_transfer,1177,bigvul_transfer:1177:8a24db29b09c,CVE-2015-3412,MEDIUM,8a24db29b09ca121df9b10197fae6265d715d7a4f2c16b81221c5d4001b138ce
bigvul_transfer,1178,bigvul_transfer:1178:22356865343e,CVE-2016-3698,MEDIUM,22356865343e5b1944eb457060e2e6b0744bc9eb6ece5817f895c8bbf9b1df9d
bigvul_transfer,1179,bigvul_transfer:1179:278f0e44e69e,CVE-2018-6158,MEDIUM,278f0e44e69e03bdb60b1e2d637e115b734e2dfbe2e0fa75b097be412c1c8030
bigvul_transfer,1180,bigvul_transfer:1180:f1996985db54,CVE-2011-2802,MEDIUM,f1996985db54997aa1f9f8a6f36d17ef145110223067725683bfdf6b870185ab
bigvul_transfer,1181,bigvul_transfer:1181:6ea2e070eb27,CVE-2012-0957,MEDIUM,6ea2e070eb27bd88b55d85017115911d9cf4545826e1848d6b97ac2867bce3b3
bigvul_transfer,1182,bigvul_transfer:1182:636192022c37,CVE-2010-1635,MEDIUM,636192022c37ac8b74b38212bed26954c5a45b716178655de2a7a58af92491dc
bigvul_transfer,1183,bigvul_transfer:1183:7455e5db082f,CVE-2016-5219,MEDIUM,7455e5db082f37b1a785be1f90d4029b22639b22c86ed79d4b5901172ce7974e
bigvul_transfer,1184,bigvul_transfer:1184:d822a0e0caca,CVE-2015-1300,MEDIUM,d822a0e0cacaaa2ce7254099b8f1c81d8b063e0ac7840ef2e9a993715a616c2e
bigvul_transfer,1185,bigvul_transfer:1185:4b2530fb7bc5,CVE-2016-9586,MEDIUM,4b2530fb7bc5ec401783fbd306489e050714208c82c7d91ee98f46e020676311
bigvul_transfer,1186,bigvul_transfer:1186:31d30f323040,CVE-2017-7533,MEDIUM,31d30f323040764f2fc06106163827384346a3c8215731205aa78dc822915c84
bigvul_transfer,1187,bigvul_transfer:1187:cfaa8a76c51f,CVE-2015-8467,MEDIUM,cfaa8a76c51f947092a3f713cc09488a33629977d905bb24eac2efba8d210ed9
bigvul_transfer,1188,bigvul_transfer:1188:7249a2c7dab0,CVE-2019-13225,MEDIUM,7249a2c7dab01810a7b70bc880dd6b81c48a5c4b0c81880c8fc86b9eb2e224a3
bigvul_transfer,1189,bigvul_transfer:1189:228af2e62dd8,CVE-2018-14017,MEDIUM,228af2e62dd8d10d52ba5390fdc37a176607aec63cd0b6efa1f6d8b8e3f7f36c
bigvul_transfer,1190,bigvul_transfer:1190:785bad7beca4,CVE-2018-13094,MEDIUM,785bad7beca46dea09f7d140ae57f4b6f36bf4125d0c645991d52e92b5f65d1a
bigvul_transfer,1191,bigvul_transfer:1191:8bc0cd496caf,CVE-2011-2491,MEDIUM,8bc0cd496cafe0dd94ea56b79aa89903bfdb545886013c40141158642b2a8b06
bigvul_transfer,1192,bigvul_transfer:1192:4a1e78f9b050,CVE-2013-2206,MEDIUM,4a1e78f9b050aad93c2060cc5882711ec257292f4c4f45c41cf259e25e598c75
bigvul_transfer,1193,bigvul_transfer:1193:696535b51961,CVE-2013-2916,MEDIUM,696535b519617e525c622b8da6a627c475d49861c4676159b02d3c9384cd0268
bigvul_transfer,1194,bigvul_transfer:1194:61bf35d6ee9b,CVE-2012-2375,MEDIUM,61bf35d6ee9b92ff5c3a990975072c76ea3f0ab120abac847e9834bf308435d1
bigvul_transfer,1195,bigvul_transfer:1195:8ba4adeac553,CVE-2016-3699,MEDIUM,8ba4adeac55307b0151ff8d4016b3275fdbc38f611f767c4231c78129dc1f021
bigvul_transfer,1196,bigvul_transfer:1196:f28ffa343170,CVE-2015-8746,MEDIUM,f28ffa343170509f263890673b8cf7f3defc355c1500711a12084d39ef7d1aed
bigvul_transfer,1197,bigvul_transfer:1197:51b83be0dbc3,CVE-2013-2906,MEDIUM,51b83be0dbc3bc84375db7853b4fd0e4b89f354bea525aa823016224d9958850
bigvul_transfer,1198,bigvul_transfer:1198:dea660c6759f,CVE-2013-4516,MEDIUM,dea660c6759fc7e0bc133a18d0a9a8071e66cc3075805696512289306357dd8f
bigvul_transfer,1199,bigvul_transfer:1199:0cb09d418375,CVE-2016-3713,MEDIUM,0cb09d41837592d73acf425e6c8e146c82543cee2a38554702b8b62c8120e0af
bigvul_transfer,1200,bigvul_transfer:1200:15e8f82390bf,CVE-2011-3907,MEDIUM,15e8f82390bf7512c17c29cd8c182781f5a341698b3b568ffea93592372013fe
bigvul_transfer,1201,bigvul_transfer:1201:9e277fee93e4,CVE-2016-5219,MEDIUM,9e277fee93e4e1a0932c46e7b45f2f8abe794f4599817eb5ccaf859db8f9da59
bigvul_transfer,1202,bigvul_transfer:1202:a3a5baf0c980,CVE-2017-5035,MEDIUM,a3a5baf0c9801d1f5f343205a4b6a8ec7c02ef7e1c71ab846780b6f7210ed491
bigvul_transfer,1203,bigvul_transfer:1203:ac3ebbe45117,CVE-2014-8709,MEDIUM,ac3ebbe451171b7cc470d87955e833162bd9dadf3eb73799117123feddf848c2
bigvul_transfer,1204,bigvul_transfer:1204:02117efa701f,CVE-2018-1000524,MEDIUM,02117efa701fc72ccb3128d654dec656e54c8494bf90c4ee90cc2278e06c8d75
bigvul_transfer,1205,bigvul_transfer:1205:82ffb353276c,CVE-2013-7271,MEDIUM,82ffb353276cfc3d939efc4816b6b52a66dae0b6893aa98970511e7cb196ed7f
bigvul_transfer,1206,bigvul_transfer:1206:f504d121cdd5,CVE-2015-9016,MEDIUM,f504d121cdd537699fd1fd02e60a7271535c4d7cec01f549421bd23a3a047f62
bigvul_transfer,1207,bigvul_transfer:1207:c59d490af343,CVE-2011-4621,MEDIUM,c59d490af343f1d8141849c03e4a64c3585e6e120b26cee959a6d2d340457273
